2000 7500
1221 1360 553876589
1530 558 828751326
982 1122 27764106
1485 95 535178137
1465 1956 216351388
1665 1068 769765442
315 489 974043402
1830 941 387267272
194 1743 656458471
1713 979 183968200
501 856 535299369
107 322 510518574
1353 1037 31189419
885 1453 368270939
88 786 5956054
348 306 125950776
550 1558 726535088
979 1998 411604119
499 1742 224558562
1253 1562 835961168
192 278 765907840
203 355 840100801
247 886 588690766
322 428 844103842
502 1469 950626994
109 1367 949388328
1295 1392 91672064
300 1300 40462072
158 159 102396281
1051 1383 56224518
1246 1728 965239490
75 1075 321737449
233 1463 580900434
69 276 898557396
1462 1730 413314324
809 1788 653219942
1045 1831 983655649
1943 261 377561168
907 1807 788645870
137 265 568703449
802 1154 736731672
289 903 116565584
411 1758 86602119
213 1485 41088520
1406 1887 445885245
119 1825 693218388
1131 877 34516323
362 986 724887596
731 1199 292372588
1079 1730 900474293
1018 1247 365699950
269 1043 152510039
1530 1158 845640156
697 1940 913705561
443 804 29618916
1457 311 250069113
1541 1624 558575867
1075 1603 391127901
1831 380 758363168
160 1704 469795973
317 1449 12715052
1508 197 247865403
760 1249 713879843
1736 992 267333266
1306 687 655218942
302 729 910183057
1289 226 538480015
1000 1074 434379596
1825 1698 468063870
1185 381 956264183
142 656 976674398
612 9 212218674
176 1888 953382519
578 1770 511436194
133 189 17234110
167 366 855472929
610 1350 576461498
413 258 745107288
1424 39 377948842
471 1657 118269797
1554 477 607468701
1240 1053 34188051
1581 747 604778584
158 746 50456608
835 1777 603538568
546 1052 494930959
783 514 64903049
375 1390 910083317
974 459 438831659
312 1304 694147386
802 964 727605130
1365 1667 961301963
638 1540 538421397
1109 395 465988589
1850 1656 889684611
791 1476 481170503
1306 1354 414392280
28 1325 772975232
43 1085 497855774
585 992 820980027
289 405 387563122
13 1786 277095549
34 1710 806420745
1233 1296 75690186
1062 271 192952773
303 431 323681991
127 274 161065935
1448 1326 242392399
189 1331 54776911
1846 1590 503536948
1204 912 619655789
1563 242 590471713
1566 675 618577147
859 275 171767454
1700 1077 265989999
131 1552 196167706
678 465 403307271
1392 146 693637495
1122 1372 629041158
147 247 487588744
1264 1518 143516915
13 955 881112673
46 226 504838279
1471 1290 550505063
1338 672 291743177
898 1710 91600940
1423 1397 868956205
367 545 560847414
301 1329 883985157
1875 897 283019056
178 291 128585742
1030 843 946848938
9 384 491839935
1317 1836 177804049
729 149 507164764
1507 1722 15703157
1963 994 686250656
1077 922 831555571
864 1913 535708082
1749 744 33459443
206 236 881250817
1399 1086 788176788
159 271 978956669
867 1913 992725092
1114 76 849838424
510 1248 482893643
1490 1049 433169858
163 1645 790346342
456 1026 569152959
1029 1317 667898723
367 1439 86131767
456 1661 624594437
1401 1209 630992326
1285 1486 369905805
1342 997 504777032
550 1533 760851051
603 88 58579719
1915 387 532147471
755 968 220288766
988 1629 947313757
423 776 247130317
1689 1787 372627027
1720 1710 416913337
641 975 317176739
1854 1976 238735075
779 743 122637027
635 1879 787241487
891 1853 203052307
1612 475 106141752
365 666 342537096
1856 838 413616477
901 1349 370420679
596 1353 137161232
126 1332 662314609
78 846 563292322
519 1974 168394390
563 1260 650190594
615 1026 421083089
1959 1543 687344305
782 998 880322882
986 1378 954867776
617 157 155026176
435 1658 460316665
1231 1762 736506504
265 1696 393767760
1992 1377 433977950
352 236 715157162
1315 1517 462274880
1282 504 477383104
1100 1945 579670268
1567 1721 851679115
1868 735 357041575
1351 184 71292713
127 1564 496603059
1076 1348 104289038
152 1760 949051924
1229 211 726653574
3 46 710279734
329 792 226692261
1977 399 712348015
1949 430 820198581
471 964 880063501
1796 908 18749290
492 1389 861345873
472 685 972690045
1267 1763 601877037
1612 135 495385392
199 1506 192661412
96 482 763576449
1444 271 215326324
1776 1063 269177791
624 679 91110038
1602 1208 651631829
905 1372 828891121
1145 1474 830127081
1955 1364 508453295
1195 936 211672426
25 278 160070970
1722 243 139525654
1365 451 729826439
1394 1911 880472802
163 627 788707765
268 987 434482651
144 528 433558474
723 182 272322303
927 1297 169620128
1530 988 805161570
37 1652 367476979
1651 863 62657524
67 1519 85185145
112 210 189569795
409 393 216614172
1092 1432 929294787
1064 1167 516477741
250 1808 780761261
199 1982 965377894
591 1526 550433833
1390 1816 52993635
1909 1744 644517245
1183 264 708552907
332 1152 381101283
1844 1892 321764563
1050 799 361845963
1683 795 56055975
644 550 118354588
646 1474 501648349
1375 1718 141369460
1791 461 981311513
1800 1903 584620652
1930 1952 823811219
815 1642 734463415
123 1780 550179571
81 409 753889339
1380 1736 894709389
761 25 267522253
1133 597 934933488
813 444 944804680
1884 1325 249740453
108 1202 786377124
230 995 213723431
382 728 234516480
138 1378 689204123
1757 1890 216825510
1736 713 332857741
86 180 952112839
500 820 824711689
726 1201 922121419
671 547 911426788
865 991 243830124
1246 1842 916063593
1659 954 715069862
650 1620 667201342
1397 1445 675603223
460 507 507226400
1076 1348 881202454
827 244 456271399
443 1597 551584203
1312 993 175249096
520 1488 115334265
706 268 959650608
1072 1847 423486658
14 17 326230029
650 509 414602530
791 78 119864634
231 147 140206573
1650 763 421017831
176 742 958756356
557 739 39212405
122 1620 660811728
94 99 924087985
1786 826 222248590
949 1170 794447729
990 1852 826616631
1153 644 666693613
202 1008 928529056
1433 1032 186920904
633 249 678101863
848 761 272274428
1967 537 101072692
203 338 203477677
1052 1676 624839405
1736 1279 726147063
264 1167 162930785
627 1089 807825280
1308 764 602788695
34 1360 420574308
1762 1982 416615348
1433 1701 334692254
1161 1368 860167279
274 780 60016939
144 529 514864689
1503 363 577258566
1512 1292 595005604
1325 1901 840087557
1320 512 28591711
1234 911 9789373
193 338 934116079
1778 942 42621488
1279 1332 19501167
21 427 733984061
444 93 309861515
636 843 745016313
1443 1130 675125861
526 1466 220378897
570 820 579593729
9 844 125429247
1532 1825 997250013
20 29 236908450
186 1541 39823847
234 413 834445890
761 1988 28751921
325 641 74935094
737 587 361926789
1388 1827 451280038
314 668 585722601
1005 1108 521818516
1360 1853 288964356
1084 1920 412641925
621 881 748959410
1563 152 85608580
185 1005 253162733
444 1804 688671867
1028 1438 100448956
682 837 95818954
16 1893 127377837
185 1116 53872841
566 290 148696994
179 208 801979010
1101 1281 89572356
47 960 756309424
1232 1513 121775965
1723 1948 530488129
1149 1727 284146360
1558 1252 509888520
1818 1438 833931273
172 212 601439970
938 1840 548037804
1943 1953 400094561
396 1876 624879026
266 446 903030335
1151 304 569161065
803 1983 408424294
1240 1394 12276480
988 1680 333834397
173 430 654233503
1557 1766 216777935
1511 1629 66614466
241 818 747596419
1337 1728 569255446
499 1557 388299307
96 436 980984572
1928 384 314675303
652 1230 464299161
394 675 136475111
29 188 565510601
880 918 526443163
1406 1581 880066695
305 1360 379391108
1182 1637 399430955
476 298 819649332
601 1617 434376854
1483 394 141014263
923 1168 416788639
202 629 719330127
1787 1426 972984903
272 1722 81453678
243 1894 979422184
12 37 607037622
95 496 295739343
1315 1934 484121661
1411 210 251677552
50 1120 127402309
970 1593 311752747
32 740 594898296
749 448 413717878
81 1225 268386101
621 1044 988993690
923 1998 883747843
201 742 840543742
268 452 291873659
417 1046 600964899
475 579 694739891
688 1232 460131666
410 1023 668463625
216 393 802682003
1531 223 277513921
1227 1315 475745167
1854 536 987044246
1230 1592 977606165
1151 885 795929268
154 1710 675988510
330 1418 195160252
1033 1611 35092479
465 568 470134368
1317 478 523146444
144 489 981521311
686 192 349472366
1703 469 689467511
425 1333 770610847
520 1595 772727087
1642 872 544857422
1106 876 392610657
1439 1517 622187443
1134 1386 39649986
537 1268 38931026
327 1974 877194741
528 1824 313540563
676 1090 9133572
329 1208 883742171
834 1370 358400658
13 1075 897862239
104 205 627476477
467 582 292884702
1062 1959 525237353
1976 15 938930169
319 1080 129707745
44 455 748228299
945 1162 746385875
136 515 397783853
68 315 733924946
523 510 710133154
1268 221 217457349
428 480 212916122
1280 650 253126308
1995 1341 182796739
1637 1265 3754867
232 1267 526298524
1872 78 361771322
453 452 970568858
723 832 252306185
1261 676 894356729
1979 624 143683836
882 185 413561186
3 49 333591313
1465 1840 561517785
737 1868 666678015
1814 252 848480527
846 1593 845766857
1 1051 527256957
267 1552 251697709
143 1832 299365784
1721 690 313005626
673 957 295307105
1672 1658 630306313
673 1214 507942300
195 761 258180602
147 245 301731636
279 385 285404720
539 1289 534481178
1283 129 156843447
793 900 62723799
1530 279 433500399
295 578 967251923
1164 1271 381481570
1919 1123 807472099
1704 1004 534187055
195 812 169400613
586 1447 293595603
52 347 884527909
1749 410 332452978
1170 1485 706601815
1817 874 74272547
661 30 887289084
1537 267 399168991
669 1904 290071636
1043 35 686764367
107 1455 641112913
221 717 648240660
527 1279 678083214
1665 1252 19258218
258 550 805929371
368 688 766195642
859 290 713164786
518 851 434352973
13 888 328041773
229 652 130650674
1789 2 663099329
1356 499 958159114
1114 1997 32915819
133 747 87769850
334 779 186879001
313 1529 691748773
387 862 6201902
164 406 98692582
1923 1453 255089054
103 576 200253047
816 646 150628280
662 1585 989064692
1526 905 894605345
103 366 523133022
215 554 912112126
1028 1401 760011954
1786 462 144208354
1408 504 537615701
1805 1816 892429788
1187 1870 723329301
1206 1115 528580106
1974 857 625857964
981 1890 279539954
248 587 457059690
587 1333 462156235
727 1089 518593063
1784 1572 430183725
1096 1699 719214790
38 431 240575578
51 1771 106968528
577 381 928512597
189 190 714740782
57 292 907319139
476 1301 340833668
927 890 753947351
321 943 319961512
1767 1836 987223013
695 916 144458851
30 258 339474655
309 1217 672787754
939 989 468288745
514 443 875602614
1767 1269 778106678
683 575 924043593
1200 793 150394103
1436 1580 18841120
483 64 539663737
917 770 360392533
98 1991 383621926
1104 1443 734017490
872 1622 603559138
733 1124 547916164
1168 1216 657788720
1350 1095 432717150
263 982 765893116
261 442 64999985
549 1228 612356778
286 1219 621558242
1456 448 112277898
1558 164 234274966
1893 829 62260367
1899 990 703949414
610 728 4031251
1793 1679 361603255
77 1280 551234035
276 564 141598886
491 1135 504858621
365 764 133436712
576 974 7734361
1525 194 111488928
1250 1466 710943763
1259 1613 27403771
1781 1040 981680785
1097 1327 111879124
1403 1183 920977924
834 1150 959715330
821 1643 445654239
491 826 618237685
438 285 525425264
511 1728 207398346
131 1062 432392847
16 819 606819675
1933 1710 351493760
792 518 778246262
1518 1420 746096363
1092 1039 134146722
1017 749 375299831
1586 1696 669434753
1189 475 980026439
1586 75 435222665
1174 49 744516798
1808 336 442493311
1518 846 379424783
751 1912 146108289
697 1136 520459435
374 520 624435057
1571 1405 651802312
1367 1198 139575307
695 1993 862773103
757 1538 481019291
344 1016 677864302
535 1376 168514069
1702 126 645645865
7 1091 127439169
836 1588 504751161
1508 1409 338122799
1665 1322 503173197
303 1687 556870565
1517 1767 647294905
39 219 241103001
536 1003 644626604
1065 1892 239621511
8 432 774696107
73 1252 225953995
51 69 724651912
515 248 316704247
60 184 781813217
377 1627 660009287
556 781 651195398
1888 200 378465379
209 357 53781220
281 499 519113105
730 759 817800519
1273 995 267026139
1582 1788 465233906
139 1219 433194355
858 1117 707348354
1268 1553 851159348
249 281 921935413
161 283 188735982
1596 1181 318799363
120 170 824266813
854 181 344709993
27 186 261563263
1080 28 340398047
1886 1695 483182266
1789 494 829343541
234 925 566378665
1664 1728 698903577
463 553 161547969
1658 603 347605044
353 351 497924602
58 1403 165174918
170 888 717237533
976 1109 417548345
1047 1849 837278802
133 155 909223502
168 733 266752875
1187 715 436323428
1171 666 60462954
1555 1473 37643287
1126 1694 583061152
1352 1931 273780094
234 1813 854611182
658 214 940870010
110 1211 550632178
1371 1607 428512111
619 1172 703008362
231 318 136820863
455 846 185128773
1014 1725 263329433
816 1702 340376224
240 444 689575446
344 462 621773853
1332 1823 534675121
1179 5 485114611
910 1828 430471590
434 838 776647874
145 1537 123759923
163 77 933321372
1417 1850 374659489
287 1008 325721574
335 1074 840865533
1059 962 316915775
1918 1040 415866029
1938 1407 480611157
1852 1312 282866972
501 1744 280391684
1890 193 245413892
1761 526 422035555
413 591 608928007
1343 786 507299471
924 1570 446569561
110 1132 252886495
1660 313 873136023
494 578 445013594
638 192 294942786
962 1833 560362450
681 767 313799357
1026 1761 903876489
558 1642 44378144
1501 1583 594388204
1594 665 21804261
11 1181 63670972
5 509 12643783
328 69 56647489
81 101 710155179
358 511 125355546
1587 1670 125991225
235 515 735832938
1774 1939 786451839
1147 1375 554051602
433 1711 92360095
1780 1529 442401881
864 1951 773454804
1706 685 262237068
3 1070 212109905
279 1079 109248009
995 1292 433663238
741 1653 765993640
1405 1742 175697204
74 1366 256156691
1248 911 143507993
967 1782 249949827
1390 1803 903540232
512 485 287581627
489 859 6886554
820 60 92421588
1188 1707 981577806
1625 31 756355596
84 1208 98778310
1824 608 688549969
524 1447 491427093
1657 290 118008032
1914 669 495026584
1738 1636 185444999
1579 1599 838763200
1037 1357 487234104
449 769 838555384
140 233 188604479
940 1685 447544840
1967 44 933432381
111 426 470817286
714 1298 887107474
216 1231 973257035
1997 1780 884992745
1610 1819 836372960
1558 1844 113552353
1114 406 784384887
1927 1322 143952749
187 1033 196274657
777 238 343093895
1213 507 978334132
134 1644 721703686
19 1278 787206505
1701 1653 705023307
901 1717 465565628
1187 1154 609282294
1945 1675 380643701
97 88 442528342
1839 846 449883114
529 1750 688218682
429 1544 425460334
865 1642 77490435
832 862 544280455
614 1537 188422409
1384 1006 108866304
171 759 45205688
164 852 878914933
714 420 577937467
1226 531 704136981
457 854 678049584
537 1094 318871299
1564 1160 878242089
238 334 232881433
675 1766 22611324
420 1558 288926986
476 1625 101716486
1168 1553 953245188
683 1623 597801525
207 235 928166499
1352 207 600727018
1860 1878 120435962
924 1274 721219179
760 308 818143399
1455 1402 860089975
933 1267 310062656
933 1120 179393509
1676 1706 491263113
1733 674 519070445
1642 1965 130107203
1286 368 514499075
105 48 771552229
1308 1354 140794191
1497 1088 244744386
1589 1952 981589706
582 756 951283327
1719 629 115889646
1092 860 992002494
633 785 574617869
216 1061 169910170
674 1117 948553696
520 224 917453179
1268 1197 626556606
1964 1983 416341674
887 1031 356895410
923 958 654688496
1283 1916 772303463
68 1413 935057705
596 975 508405199
1559 1254 325652905
1872 382 321942783
1925 1366 708282085
624 1166 453629090
786 802 849138226
185 888 22743808
1463 606 428919062
1946 885 431972471
997 1767 743757471
858 1524 44396271
1411 1985 844608585
812 1410 629765224
1781 1726 508118924
1930 13 98030851
1300 248 610571428
1718 618 689172232
1237 1760 591531569
122 412 393341061
289 348 902837484
31 368 760021207
391 1681 324611791
1536 1252 325478890
131 1707 338698485
1134 1190 478776965
1321 389 669253527
1995 1883 823990951
128 1672 782780326
179 1443 519493617
455 1340 503086166
1966 1217 307031533
860 1693 579634122
1255 917 904131206
40 1914 30830320
235 448 647718204
1678 992 8939359
1849 1532 866044744
145 214 206214913
655 218 369248726
204 259 649829536
285 461 264191200
1127 1667 873942788
687 1908 753645559
1786 1161 360355245
1815 1654 675483288
279 1497 178283781
705 996 554827956
1640 1861 135693626
1312 5 83006841
8 300 174311643
1792 320 860716344
367 739 531924939
1654 637 460631202
691 1935 27549391
1008 1217 802390486
563 1565 578260760
698 1699 635262481
487 1444 766154658
434 1974 383639105
1721 749 860340008
1107 180 225389500
794 1448 321490194
446 1194 216406177
626 923 979313053
675 928 325961692
384 1304 564844350
91 167 494670004
78 1621 927823617
1564 296 987956230
1640 1352 183809791
61 1466 382175875
980 1845 403457110
128 1752 654303586
934 128 217010742
700 797 47750739
966 258 570246766
1552 270 675028350
1043 667 689588292
1158 363 557074855
1257 1909 722569675
47 561 204347866
681 478 233034185
1490 1340 924338409
1765 1811 654272144
114 1098 769141147
193 983 586049766
1361 206 640879111
1567 1087 527414369
273 91 906680533
508 226 984589569
698 1701 888036365
781 1073 231117183
488 1712 195402856
121 1525 391102653
884 166 560976063
1877 307 404074889
732 915 489349189
754 1553 370478092
579 542 331303679
1748 526 354933888
753 313 316832937
1214 87 877172841
1084 347 472656757
1792 974 655011382
1014 520 889194822
757 1964 692866445
75 4 903283208
610 779 278214554
1564 789 798095875
606 1485 483141279
1510 1843 635569304
1091 839 956114121
426 921 302747057
1394 111 544881156
1021 1577 784056467
826 688 935292404
1413 1416 352269161
265 666 548901962
858 1031 109387683
62 899 20745080
1443 468 844283791
25 602 199674824
1564 319 415745692
597 542 172173847
936 558 956189074
307 1260 643560128
581 874 56090695
845 337 276917222
1982 1422 224394279
635 1785 110905641
682 1217 690180514
776 1998 760953503
769 1986 503550107
123 165 674355766
436 1921 717604805
742 1047 560664109
1638 845 264412183
178 1785 196445760
1789 168 601145409
1274 1906 270626614
1208 1862 913382587
788 831 103884810
117 1374 240034151
1179 1174 202474306
1068 1578 68330949
75 1227 324192151
172 1276 468759516
1380 1801 509203601
1941 225 407677630
1545 970 805750000
585 478 945935280
1094 744 160946392
1207 989 39321428
294 1154 934574340
362 1733 50947276
4 170 32420332
1147 402 541094596
1766 1778 361082879
1771 1028 550119100
67 230 125769643
376 1934 466897791
33 1607 73230501
1170 1610 565689689
752 1289 470800185
785 1394 183661780
1824 559 523553629
184 1229 909567637
1211 1188 304572538
1289 1679 237045568
1184 270 798267041
336 480 690396894
1087 1807 716196558
300 343 269317545
51 404 107881607
151 904 480289481
129 182 629433565
40 545 34417322
246 389 793360844
273 1777 742988735
244 25 931784070
1487 33 727879120
43 1945 490276939
1839 1124 183802245
662 839 31863100
391 560 141647058
112 1970 523380290
990 1508 384906723
467 336 32800677
441 664 601978379
1263 712 426436311
726 1439 722318338
1148 1124 274825059
7 11 961329548
691 1999 453611698
178 839 325020525
301 432 902953210
352 1636 795689489
617 713 529426963
1639 1686 220219480
1721 147 696332136
1106 754 979603598
3 92 685957344
1827 1430 476163463
298 952 515175493
1812 1639 278947700
450 762 623196432
1569 1479 869673820
38 955 315258213
366 941 424807566
51 14 535294031
1679 591 43820024
596 489 108462768
551 1986 54829322
1197 1627 214175970
1874 907 113438854
922 1390 804171447
625 1330 240881687
1151 573 646797323
1401 1405 960527780
1840 147 80507819
855 794 683514204
1694 1943 521051319
417 182 219882599
1351 347 340287848
802 957 264245773
317 652 709151517
1524 1131 322823530
808 560 925220533
59 376 772420749
829 1726 113236430
489 1106 984797749
461 884 890274520
1378 1522 431814479
1898 561 905596769
1336 1930 364572626
1941 1580 602420219
26 1081 930078374
799 670 508768345
545 744 278958928
182 603 620697423
139 248 403091135
561 829 129769109
1676 767 627375096
519 78 439839416
1177 846 418649011
343 401 203840417
495 891 398385659
684 1997 948024245
318 866 465056709
1131 1779 56001551
515 1841 951268262
334 1359 116385000
142 314 707550899
378 1735 781560607
1234 649 911883469
261 834 687575970
627 757 106334953
394 1650 861647355
416 1189 135783030
1348 1942 717575201
1640 631 877295816
317 730 953937724
219 804 42785188
660 742 728287972
1115 16 382849102
1819 698 897763234
1441 1604 433991977
900 66 971372647
1562 1076 132166963
1094 1682 562242896
135 971 190226722
1553 1866 774338740
290 1352 355021716
351 1680 138733212
1527 1487 396395511
1872 252 930154200
737 1716 870818229
1833 1203 723054608
1565 356 683043592
175 1875 419656700
1237 658 303464982
415 1146 295951952
916 973 367505847
1518 365 421104985
996 1744 945829525
1771 1500 461777522
509 1858 927162963
1489 1950 630045147
666 310 933501903
1750 30 139563335
1577 1677 734264769
299 37 482306934
6 1681 262428685
384 1696 502257862
306 914 253655981
183 1032 603885731
318 890 152715199
1354 263 439897626
596 682 464749606
591 1469 672524217
525 377 114857766
1095 1438 293934289
940 1618 317432644
1801 1024 892486386
48 140 624956401
730 1881 12032925
1997 1749 880391234
60 133 710481096
95 1762 378704465
999 1129 4551297
67 303 802560840
336 1431 943882348
1249 1640 192721440
1102 1331 973174241
1433 1979 882034066
158 1205 435113290
272 790 4052463
786 892 69575912
235 317 528044213
763 1450 254568770
250 1374 525563625
1206 672 465555653
443 1108 235830734
1385 49 355507049
1033 1968 903331158
289 1025 990747319
149 25 875644062
1868 986 568369278
54 1501 743170767
811 538 298037292
241 784 96848442
681 178 131470126
1539 113 447114870
1976 1541 911842168
684 1728 60355283
930 1294 656430720
825 227 62011137
659 1821 906675245
1514 674 879474945
1536 473 197934523
1309 1713 977210776
3 595 800655204
1168 1314 12823363
350 1835 733298310
1969 1512 790231143
1356 1632 194947390
1099 602 491050250
328 823 808297231
637 1758 478811392
539 1536 67336950
1172 1950 829701566
805 599 235404971
1113 1836 654914663
1463 1895 619953070
1171 1633 96559194
412 272 472537371
424 1802 492035016
1227 330 918047184
75 378 606366417
1190 879 518196113
1284 1234 424498673
1308 825 597049365
357 1274 966906442
308 794 891760817
509 1808 477935527
903 1895 611344908
765 1499 691288957
1680 707 778389719
1906 1589 889581297
1215 1959 843340030
711 408 734623392
1482 1953 926544041
786 663 909016289
435 1953 262597442
1910 213 779146122
620 1258 60986577
1908 1708 165436622
1297 1631 833431276
218 872 848660438
158 175 847072248
200 1115 778507751
28 71 963390265
1091 1971 486388143
728 1957 77748495
1519 834 439050309
1735 454 401443056
1380 214 781618260
1047 1355 975451577
1687 1005 401982594
738 1508 984656226
553 1716 584343027
681 722 381253470
1657 842 717112
1555 1258 82179524
1000 1265 195454890
1689 1762 219106321
84 112 676775839
844 360 845006654
870 1345 900530940
11 934 416037287
870 1108 960318043
1208 310 343834307
1654 1107 593338949
1115 243 988515686
764 1143 90464886
1717 929 382948194
542 200 726050151
1363 902 447438518
9 56 76163248
1058 738 646938065
1270 1514 775044932
323 1715 294093665
505 1735 47564457
1238 1730 923853560
1238 1665 554442431
957 1926 638226254
402 268 299519950
1553 1973 374094343
720 1949 26923539
544 1355 385979656
1336 1649 96565236
723 1716 954681067
1214 967 237405415
567 91 586030487
642 693 710604591
362 1760 615824365
288 690 427549537
573 975 827376937
1593 1860 628617328
34 1491 425770999
107 285 386548161
870 798 504003274
407 500 263981749
407 1141 11211615
1738 17 59828116
8 1009 198401124
589 847 180992938
417 520 227896356
1166 1746 590744903
402 372 407341926
1947 1667 448345125
933 1151 59921764
500 584 263339506
155 620 214347166
1548 683 203911495
191 462 184757095
1316 1484 861472030
1996 1100 443699001
1363 1903 300696723
764 1566 791684663
1797 1360 363112687
644 1210 872783710
636 1352 385642367
1199 1302 195466245
392 608 474595147
279 205 369720402
1008 599 465495100
1673 835 317852075
126 1154 497619041
1345 738 94621798
24 1262 396523013
39 1558 417049199
1889 939 184250318
250 1260 600563223
1661 860 681626343
1762 637 167589267
450 1630 685535864
973 1663 536123117
1339 1840 190484749
1128 445 325652402
14 292 500671999
319 1518 79098103
1806 777 280835738
14 100 647038360
403 433 218513367
169 1285 427723399
86 630 976306824
972 1646 797616180
419 653 285381532
632 1948 271404104
554 1899 191218156
684 1675 352369038
1405 217 842075019
85 172 791537029
821 1531 236898290
1046 1765 385073491
308 325 902175280
1098 1676 978750227
388 442 974946444
1140 1945 103273167
324 448 134312621
878 1307 689398116
1164 1620 963570
690 1063 370803101
1607 1084 26697861
556 10 879551730
314 775 33150048
3 1850 963446876
1560 1322 793455560
1710 246 188908385
461 1481 323079878
313 870 500049922
902 1540 538862206
1065 60 747638515
555 524 70337654
680 850 747142071
905 725 209848473
1789 1529 251970442
380 678 124036725
91 1338 791901740
303 325 313349279
640 337 764349846
365 1652 191519804
1751 870 3442623
499 638 148652356
1561 68 386745333
330 1338 372301315
1916 695 243601659
8 782 12557027
824 1076 379222585
195 1541 220103169
1298 862 711791241
496 528 172453253
145 1509 299870822
185 737 545360459
1003 1769 442939627
699 1742 954190735
1443 404 193268373
430 1159 461002767
662 1289 940346664
1557 1611 346720429
128 1673 457002747
456 1398 18903761
676 744 240704513
1368 952 569157872
32 960 156128254
1013 232 492206125
288 1868 467088552
201 1737 667993297
56 1160 117742063
732 860 826107997
1151 1706 424975559
1556 1714 392615765
1790 1627 277752698
805 1141 357957609
1933 1479 142584949
52 1272 271485276
857 771 167497070
1976 579 864038431
379 478 599125719
1955 1693 522670858
172 375 520290889
30 1683 134722933
1678 806 645697923
218 1390 284300626
21 541 11859142
128 598 624394269
632 38 704246917
848 1590 524494815
1753 1721 369588557
159 266 556702619
566 317 273245761
1182 1942 173573978
141 206 82006179
556 283 604058870
924 1378 167362603
338 863 35708490
243 1241 115349653
470 1942 481304608
5 32 476486005
1765 1103 628886371
1951 1928 843525187
27 789 707243294
42 557 453728563
1727 1132 77779298
1024 1703 731554114
514 1351 786803642
1752 1503 976468130
13 828 284170201
1526 56 288446506
841 1179 978254520
806 1569 483564364
891 1041 460128610
1106 1458 324064934
830 1515 468197221
1479 1019 252384057
1826 857 512717015
280 693 252464508
279 1278 261653625
341 1684 86034342
1124 313 691932348
794 135 820423421
832 837 840789565
1237 416 980996745
92 597 985579917
148 1171 122469749
67 87 398031643
1838 299 761043242
1873 530 629506183
188 1359 699142012
777 1891 639309025
1845 307 179904622
39 453 513218805
1243 1005 465482801
255 714 392471172
1047 1785 771176246
1729 953 983378698
1802 1980 717212801
1642 1969 648393336
67 145 96767833
69 369 335566984
1562 788 399762746
1226 1019 196129936
617 566 291101211
82 517 617814199
187 846 19087066
726 1623 460094600
790 1694 314479147
243 443 784160221
421 849 478629294
1251 1743 899955903
1657 36 706631689
1500 1637 474707017
827 269 885177159
182 668 549472241
1337 454 175724456
1150 1548 489892942
319 168 208609769
802 1999 129984463
261 1512 574870588
473 906 170581349
107 78 36757392
180 1403 925278763
427 684 563936841
1418 1828 423738985
75 1489 926727495
515 1267 761910304
782 94 240019418
1794 334 592889213
1442 634 562104824
154 1374 387305400
1122 1836 557939478
1166 1187 716629512
187 364 407094063
1949 1579 960428371
1415 758 556353426
1744 1188 723897501
1828 683 853013774
468 597 961445937
1104 1724 798398878
1885 1516 242259545
533 207 508907261
1789 274 329448139
263 1803 542478983
772 1359 793407824
1272 135 16772842
1152 1526 252761018
1564 609 694647170
31 54 154763457
247 1944 737749228
906 28 498175666
1004 1848 143581954
1220 1422 86762359
1183 1693 438363403
1075 1579 735452356
1020 751 170046535
1096 1759 416330187
1767 1839 469513521
472 414 409485687
918 1473 626496924
1058 1922 299677679
1333 438 923921520
1335 1674 631284582
124 1967 378150490
1744 548 611959241
458 161 284097443
646 1690 435711952
444 772 875437507
1927 660 969034122
468 251 374914632
1949 799 5463168
1055 36 652314392
17 45 143122184
515 1280 718356374
97 1034 339332060
1771 397 91144363
483 810 447052125
1806 674 143626442
972 1416 623578052
1588 1745 203290857
306 959 474060892
805 610 195720672
522 1019 655258382
588 1498 24102416
1642 1878 164459588
379 114 562766176
1110 1589 149742057
640 1269 274814213
383 933 238288946
149 614 182375932
84 166 784871278
1181 1192 481086162
1807 99 586045414
1652 701 735184506
692 244 522350458
605 565 784240676
1171 1918 242678990
1316 1590 377603226
1981 1651 676146662
51 100 956414039
798 476 839153769
1124 1490 718824103
217 34 291500525
1963 805 974269103
1080 1455 924160122
1211 1274 96638693
1731 866 36906109
711 259 671636643
388 1921 797776912
713 1531 152523409
663 105 181094768
894 574 249688008
703 1734 665562084
728 488 237767420
617 1836 455510450
802 853 872385219
1863 922 480850242
1965 1208 391226621
259 1526 547178209
1751 342 893988146
200 1658 402271753
1305 822 142241953
1012 1619 89189916
1079 1262 794420094
1381 1258 495230105
1087 1363 606071301
1772 1983 542181451
1438 1011 253869522
1810 716 620712215
622 1720 395425203
532 1789 929132445
1560 12 656998740
1806 502 586822974
409 809 686467196
767 152 39740701
667 985 831487936
1247 306 204842530
224 1077 912766879
1248 1537 582666123
1290 1305 902505049
304 1335 549804910
501 440 97292207
864 439 945841015
278 470 393321699
1594 424 822324759
106 132 447325930
503 1367 780886933
518 755 18234201
1257 1890 337979530
1302 565 837432083
1097 419 390363235
1061 465 611509608
1714 1034 296245162
976 1257 257375420
525 789 779839561
378 1998 721819886
1358 872 763071912
1671 869 544030870
290 1176 982854293
886 1989 834551331
1902 970 919948833
173 1742 713563556
1561 463 703908602
1835 1013 361149788
430 969 661607740
146 130 888451096
1514 527 284626379
31 495 639544732
1121 757 816133959
272 1606 730242609
712 1760 217294159
966 972 406705277
116 775 145678630
750 774 12823213
186 1357 191908241
693 457 514441910
1910 1293 236779801
327 105 440729645
1133 1877 318322170
1219 1715 824483973
523 847 863162759
517 997 857250452
1239 197 980580146
624 1288 64264558
626 1046 842287947
1018 1873 852599316
316 1008 900674154
965 308 392709967
136 1736 931144213
1790 266 951477819
1728 1918 876037171
1485 904 400377447
291 771 719334426
123 70 521532586
469 1504 638426786
46 1527 851734722
683 1127 322237659
120 524 117806929
662 546 753971945
1624 540 662918340
433 1630 841585481
511 1690 550680962
1042 1068 867050630
899 995 145534747
1370 1639 574966257
1679 232 89669123
28 1188 62929766
15 1426 644857647
1237 1478 680538684
251 1202 920813135
1273 1922 654968329
1600 1464 799407782
1695 430 815093503
1139 1494 53020407
719 1565 602048212
458 1348 978958107
54 1240 405862661
880 105 359789679
1186 1391 512568253
1138 1268 255969060
1798 353 651391364
28 341 306843847
52 81 723299715
1217 1104 415243772
763 1040 629743944
1407 292 943093755
1058 1669 679399226
74 142 410026279
1596 1297 951193024
965 1706 724844272
1660 1670 388340529
1564 1410 973136807
1698 497 761805094
859 520 925950615
6 289 153714982
1811 1235 348860873
306 1192 999320644
485 1334 900955661
1371 1363 504210238
1407 1253 247130248
185 394 50917774
1878 598 16820386
359 1066 774516280
284 677 255089215
422 1695 930289478
1412 660 892230277
269 698 164691687
707 72 91172697
199 1129 389711754
1524 466 239753577
14 1759 440417968
164 847 609029141
15 735 424447782
328 925 805937969
198 1223 138745348
169 202 615415645
1444 815 117416105
686 581 138672294
321 510 797203420
84 711 196592622
1625 562 745759641
601 1620 772538469
3 63 803625694
1829 1028 79046385
1107 684 142364703
1145 569 554434249
260 1868 191873175
1853 844 506611226
1590 669 842110650
475 1838 874856587
213 16 149156722
446 1807 204518850
301 487 770769241
1191 424 983652395
1450 1152 135556994
1144 853 11058107
26 166 270241911
191 1732 728782251
727 1202 176048392
386 1286 581631228
384 729 945521363
1620 1756 960305984
101 463 497477751
1274 1982 110530958
149 1099 942847000
821 1460 193145924
1537 1179 270148392
207 960 918255484
546 231 120271989
673 1890 841456774
157 217 802120
1714 546 408923610
199 471 938142696
148 1416 594633784
910 1580 735007085
489 564 109360016
1379 1481 151558346
67 92 479372160
1877 498 273850907
587 1899 654884043
1043 1658 768443813
140 232 240386553
322 999 475667793
1322 680 679148796
510 1736 928262851
391 1934 466940224
288 875 15978567
1591 823 371410862
70 579 548576514
4 1148 444599586
1612 954 186544911
247 368 23668021
869 994 86784949
980 1281 766638362
872 1789 175330712
694 97 882080825
1660 1361 98859545
841 1499 684182465
370 1092 349197340
766 778 733384721
1660 1805 203171544
475 1385 958498579
115 481 552188439
382 1515 187147103
1482 1997 628147174
1987 663 646990779
1942 317 72350460
76 152 817637432
1766 1760 835591186
1715 658 366701962
356 1700 470124518
1933 902 561733324
1 4 349009689
1571 1822 836856931
789 1478 412569857
388 490 745979261
1394 1630 773031893
333 2000 114651145
239 1608 410010040
581 530 108374949
1227 1998 420388099
746 1816 983638135
178 1319 126443904
742 1222 168174812
344 76 317224595
1539 1798 974708799
1132 1237 616823643
59 231 416255785
12 119 794533238
1926 1172 615777586
816 1405 451952395
435 1485 754468615
1570 1887 172888653
1113 1806 165120971
1098 1746 586419597
2 24 113359097
1576 1606 984002720
22 1749 180139762
1678 73 64516050
1248 1806 468783808
1876 379 202578014
533 1036 944211784
1627 1154 678138569
920 1633 56538418
141 613 857845480
547 1289 830760825
942 1623 812394359
169 391 373487522
627 1338 328735568
578 1737 240890809
1695 1156 804877637
208 896 737589436
17 41 852293243
159 1195 463059722
1298 1063 85798064
1179 264 207209848
304 314 605646018
1417 1420 570494424
23 1429 960933064
1901 865 282379190
1414 1318 695001960
118 517 511637359
214 1394 944850135
1468 86 725718965
791 489 768095042
1500 815 861110024
1395 1868 650011102
715 1712 585878742
379 298 818700923
150 159 478661948
256 192 933260623
1781 1598 608423313
897 1082 663705315
822 677 595380626
1165 1401 883086044
860 1919 235084657
73 1559 196999074
36 1330 700112107
1487 378 829656986
1023 1031 263477109
790 93 551015945
439 443 256172490
23 851 630199147
148 499 466281803
1200 489 905431903
1365 1635 997471417
1286 782 945922315
1097 1349 811775790
1846 91 657511447
855 1236 750862969
46 203 544538963
330 1075 709663625
55 1540 771363594
1760 1473 559710267
1827 1428 901289873
1024 666 428937957
367 651 906946627
58 1771 724589258
1378 1508 643581775
91 337 664543551
1176 434 373894857
1065 1737 667034020
781 1731 641564290
1580 146 39476259
216 105 791056387
89 345 889039949
1319 79 279951196
1025 402 695106916
815 1179 300540255
651 389 150627148
897 1991 799646198
4 40 834573627
203 380 301551632
350 1471 117053419
598 991 720287383
1536 1126 536995976
409 1099 340397338
703 1139 46414445
1154 1060 101152662
880 937 808118890
1795 517 232516593
1188 912 321957016
978 116 742609852
1115 811 383498304
1755 1281 364861151
1277 820 404644647
433 770 299788767
111 847 376531195
1848 577 102422729
1216 895 954490213
1615 36 459149364
889 1172 229375260
944 1656 73125302
263 368 919580750
235 252 54924247
965 615 368214382
206 1460 550389535
990 173 44056453
265 440 735787726
9 1634 233723625
1936 618 219237388
1966 1145 846780133
1052 853 754742083
84 1144 739380815
763 1112 177842950
1496 329 763781358
169 633 963242292
1141 1967 656103957
1923 1394 232012919
145 844 876330773
1820 1512 916647952
1551 1494 66449485
89 585 710767790
101 151 290255141
1609 607 941881155
328 1637 243325473
1226 1378 863982636
969 305 504684623
1149 16 623694191
386 1758 204375803
419 1919 130217501
403 500 460231622
17 691 208248093
1862 1520 268373387
748 795 817577891
188 974 51884047
1288 215 23438238
551 1681 269633069
1333 1910 659647819
327 1731 420049550
580 151 548249
403 1300 323645293
1951 1093 566426398
1457 1041 870381830
790 1937 207653812
339 451 574177599
1814 1171 488080585
204 741 141173679
352 847 385507010
798 602 727645231
1315 1479 949348269
1393 87 816130650
1710 1012 326700893
745 1635 499132600
556 1826 528350025
305 350 137550001
251 574 319037273
714 1279 673359250
782 1931 464362459
891 1480 807161253
1731 34 657329297
560 491 520518827
1986 56 491665414
79 1732 719462871
135 253 413141138
1197 1279 25053676
1291 159 677724695
359 782 921757998
889 238 811787425
809 1248 681736409
1761 1017 50995150
279 1743 149439921
486 270 881969915
726 811 580805682
119 1794 855046866
1293 1312 691946802
691 1245 513505377
562 931 535845301
1053 1756 329240678
656 935 566211346
39 1711 260166512
425 1911 150981652
779 1295 933353094
161 1562 927375654
1256 1546 474056340
909 1253 565719995
282 633 572461153
1435 1891 594762629
65 1000 291973739
1007 1059 64972137
842 1108 792000426
674 1999 693140446
31 321 128911553
720 1085 269017985
61 304 257989072
966 1444 904905267
1883 99 345501791
1741 742 388828986
1139 1726 454677821
522 346 172599460
1501 1843 458774344
1473 1900 540476959
1308 354 400617286
690 1324 887449397
250 824 824667582
1730 1227 980925007
434 1936 694387943
8 43 406936365
1869 1528 296658754
1176 1434 375640770
264 1425 648246977
184 1458 246854613
1110 1071 433444429
368 408 115386520
54 1190 918719035
1835 1346 755073190
745 395 210087735
900 942 381372423
553 640 63931544
813 902 104524597
157 1853 636122303
342 1904 862372651
271 1131 376469653
1324 706 599803926
1553 1006 693992142
1694 1202 924038046
1695 1130 119706313
1935 1946 785662584
159 329 418344643
550 1906 80642476
1484 1530 828766807
372 583 734759166
935 1724 425642057
1971 1465 857030268
843 1241 19332287
1724 1109 478660109
584 1048 644842012
149 460 203729316
816 1325 380847347
17 609 826881016
440 1232 560868533
188 959 216321504
411 23 836820167
347 717 765703095
287 38 880987074
1083 1484 624464452
1569 1253 669667640
522 1597 520119199
126 196 932269684
1235 771 194589169
1779 354 519928393
1987 1688 261341926
786 1113 357053043
68 1240 638036227
129 963 248089522
55 130 867351326
1682 1713 913125906
1342 461 577923664
756 1472 421645797
826 749 147775074
191 241 44758891
835 1831 68671884
622 770 87472814
185 813 560998875
1567 83 804630916
865 1292 618453664
9 1565 763541398
346 627 60599365
525 346 762842933
280 662 573382088
77 395 479508654
1962 1340 397788341
77 193 59785182
771 1676 216970057
717 910 758366782
1084 375 14971258
1267 84 307836494
1593 1217 757176888
1031 1083 630385977
517 929 304478119
1293 1454 253587774
110 1917 823133797
1903 1816 903067003
845 844 30987734
237 1182 127371114
1333 1588 924315343
85 674 949259816
947 1060 66614281
848 1477 173417375
1280 794 433251239
602 214 777521940
1032 1366 295983606
192 616 397426293
529 1718 453865028
1711 1900 606539535
148 885 901168861
1409 1566 159461368
219 746 802901766
1279 130 597216442
5 1188 928392227
657 294 787722220
97 107 355676976
1176 1940 781775137
461 1959 527736992
1245 1006 46639928
1364 526 217600668
1757 340 779640930
354 1904 217570961
372 872 124977671
182 1130 125703776
1454 1865 846692882
1082 229 248035046
1048 1299 756712243
206 256 409504345
761 436 14615425
1109 975 417570626
1994 362 210856507
78 187 664383692
1873 1191 278719834
644 1003 547561136
1826 452 517915439
760 898 372953268
1985 778 950632830
476 540 338663739
644 337 411009477
121 981 729062188
666 566 27623679
234 647 921188866
1345 1499 660461893
150 1708 10529727
1103 1248 624097933
155 1716 466586763
180 443 350863486
742 1351 810580853
1118 1856 42543968
151 457 911131879
302 1788 648210346
68 227 269263077
302 356 674748098
245 840 168500919
98 290 351401591
1808 274 772980673
47 74 494817716
1644 1582 460512996
1778 1171 759633265
1823 1911 668901360
1692 1153 713498329
1737 1210 226497546
726 740 283114281
1888 442 930867532
681 760 106206344
216 288 832861191
23 30 400204751
904 1092 801916235
1263 1558 441517816
121 379 581339203
1405 1887 678238727
419 524 358297679
1751 1638 122558046
113 215 931834687
161 1957 744479579
774 1678 800873122
1308 1193 199293384
1143 788 625923982
147 396 418403594
1569 1153 761161532
727 1272 165240382
539 1446 292138451
36 648 898615085
361 1805 23949232
1618 1189 514790332
947 819 161939582
1608 1251 844058462
518 276 90952901
201 265 44971641
725 386 692553191
133 832 110591462
1050 366 14954210
24 1094 274911586
591 1933 339649459
825 1114 21709135
145 216 745541583
1759 1660 479930028
1554 229 956183053
284 332 77428747
1612 330 687039575
324 1285 505235952
51 197 942335594
20 419 554102468
1969 429 795163138
1235 1599 588114730
26 1405 149284786
1856 1568 25488131
1289 257 189357976
671 1180 184789782
1864 619 497123723
680 1007 839731248
1024 1281 409197174
282 1357 74894563
579 707 734415180
224 730 154639480
421 167 208340397
744 235 942574833
1120 752 212085494
610 949 206181904
1833 1633 812606736
1681 1121 652964132
1076 153 626293776
1268 1624 575256336
249 26 326210843
1615 1088 798785932
574 702 977323360
1824 1798 414930116
19 1499 636288822
465 1903 457274172
1471 657 758506326
288 665 729218526
1232 262 676224619
349 415 240573737
158 1590 106039646
227 958 875727156
771 1056 5721056
709 509 895350477
1286 1087 514495352
331 591 537870224
1681 169 592235700
1900 1943 99316507
1547 1933 345413026
80 975 898216148
1096 1916 450467324
680 1231 938967606
811 1881 191498646
320 834 156853278
1258 1673 759181402
1282 1946 925899672
56 467 919156496
1452 1767 318943870
284 1722 296871473
1250 1653 467465278
1620 1628 899141985
234 1722 456693692
1820 1143 816567656
1457 1554 323197271
657 1004 679473153
28 407 609014978
1041 1206 2060627
826 1414 800144522
397 329 468047852
681 8 423974697
373 1672 333984998
729 774 256891858
1083 1558 860866854
630 1890 277254217
1138 1185 73944940
1786 811 868327881
333 95 256532866
857 1830 551241256
1255 216 11119450
1012 859 854450706
1446 724 259487057
1071 764 724308392
38 1639 539035867
245 331 435787002
31 1147 534489019
991 927 455024753
836 1784 181570559
1587 1194 275580036
836 1168 826246246
1740 32 515713267
20 830 380038190
1383 1746 478257846
862 669 417873803
1140 60 533227977
335 853 513249392
724 786 870219875
1325 120 170451348
17 962 927629476
1827 1704 306032317
1497 1929 48353702
814 1264 317344678
577 840 743651400
710 1584 176187519
1296 1226 297289675
471 1181 231789873
862 1701 185406485
613 619 127331607
1966 1643 900478167
1803 1016 694334664
698 417 932052849
799 974 680495420
279 1872 213219993
68 445 52502036
1519 225 467289915
528 569 489806430
1358 667 722020022
1985 441 266784714
703 1553 824232712
1129 1781 89221800
1720 1028 109819060
691 925 5801838
747 835 418412450
1622 454 675569435
1535 1703 679561875
32 88 825948059
356 1153 222473006
555 1512 959824532
192 493 888314533
103 731 575347197
1256 730 861552112
603 1102 682785818
1249 813 122572625
290 583 235169859
83 1067 852037119
228 1057 765596420
16 1164 159796019
338 946 688675324
53 1183 846620466
404 249 813132569
372 1293 854574865
1413 1030 648765419
1362 791 379168514
297 397 715919366
1949 947 928226337
1718 262 277929806
166 1271 410727221
131 165 834020019
937 1585 809143677
389 1478 464326317
883 31 201417071
1074 679 73065915
1618 1667 940211862
389 530 277751768
1046 1602 330040515
12 51 371537888
970 1371 188219350
790 1455 9621613
130 683 18400507
440 1406 727707241
646 1128 63230384
1080 1863 828292989
1511 1523 565093519
1610 401 567296544
1430 1836 985041734
1556 491 498912847
1305 250 77916103
1133 1875 549341080
639 680 467540920
1416 1936 889630720
1027 1393 127315424
23 27 314565936
1050 1164 584052423
24 687 33449636
1342 1375 983351936
37 787 298328211
661 370 218357774
637 1973 280587861
1413 1460 993303254
1283 1949 495215417
1996 1474 401937845
225 1900 483427157
392 561 995896698
1172 1597 766948721
45 70 593333070
421 509 54102466
234 539 494271358
117 521 94092090
937 1898 349071634
1678 1510 699213613
503 527 939753695
434 186 768021554
716 1771 18681524
289 551 208189656
1779 1861 432528063
40 500 547437388
1313 1335 913019788
821 530 627342513
1049 711 168142393
910 146 316916998
423 1621 321543909
1391 442 86886708
206 486 129868810
54 893 35672472
236 1048 860083875
1389 1204 508446993
1184 1427 281060692
9 31 661184588
1479 1239 687614656
1367 1400 992065419
731 1252 305529949
1522 1940 119680268
1317 1142 876045675
1446 1108 615678821
1327 1781 777147077
1979 873 357700987
1831 265 518172796
1199 136 705289812
847 1167 72008095
214 198 638623073
1121 1026 111587277
1752 134 171279585
932 551 276271832
456 1586 917442695
93 1364 923990942
1379 472 863662006
1926 849 641561332
1193 188 672845623
371 693 515733732
1597 434 480522531
350 1290 276172296
725 877 416848472
1794 526 444998672
812 1699 643881753
404 1677 879576900
1062 1745 928430664
537 1007 693128888
666 1822 820358115
1824 611 600299944
1961 52 34273749
1699 1036 57264811
89 628 1953094
274 1153 411454671
1265 619 964641617
285 927 711302286
1318 1192 942532496
758 12 456689141
4 72 308478551
495 674 967837029
14 88 222387245
895 262 750086921
1437 166 949162394
350 1847 705208758
561 953 162459090
340 1891 157285557
1501 923 538180818
1558 1560 972516815
1971 717 915049627
50 1930 491891719
1954 493 777344716
511 1493 280269505
1011 1687 238479586
1958 1630 139696202
557 1963 49586869
416 1085 763074020
534 124 214321975
1001 283 176548875
406 675 810630455
1444 1497 780356952
108 1501 7041772
283 532 682995556
1036 558 602361251
43 360 942180944
810 1693 133631173
905 1109 925028440
203 1622 735508937
68 851 247774364
247 1629 511617455
1847 1398 507437311
1259 1552 802988498
156 1972 317479370
156 299 572695866
1834 391 614430118
1732 936 25350512
1534 1665 705766397
541 316 409324686
1645 965 344165291
194 1925 304440931
437 207 120658699
1945 689 492051929
271 459 889468586
155 1871 854739527
1668 1553 439821381
554 531 547072206
34 111 298375715
319 329 528180517
241 1410 20820449
424 915 944287651
1733 1214 643778540
140 1737 338996109
1232 1379 562015275
45 692 768434474
1389 1182 729634894
1625 1188 562669326
1751 1356 19363629
243 1077 326754185
1682 1282 499550480
1233 973 143099533
1014 1072 321380295
1310 1929 252986878
376 1191 607924691
1705 1802 191523704
483 237 32676681
1938 211 14046114
662 637 564375608
51 124 598732735
212 581 234350516
298 1337 788600876
513 290 762598156
1730 1845 521398051
2 8 144755375
210 1159 33605788
688 1477 610004704
1058 84 946358000
321 79 127320246
86 1546 823555752
730 884 372078863
300 1698 744690838
699 565 399196397
60 894 795727162
1529 408 999020877
1799 936 828928661
1491 1059 476120726
1610 1130 474167137
71 781 913058077
11 50 448061734
457 1354 467913055
637 560 729208291
577 817 324731313
137 201 475008048
201 1955 747455691
710 1799 158386942
488 70 105894920
461 1332 937921546
1052 942 911613251
384 1985 207894307
1977 1778 539257084
917 932 611597267
624 1279 497091281
864 1363 870724040
1365 1790 748450552
66 1962 830165157
767 967 476782844
966 1484 825626552
1205 641 313976735
224 948 21872278
249 1081 943132816
553 303 704146978
230 425 124321277
358 465 553370303
548 1743 471134324
1393 575 961993312
1782 404 208371115
1861 1999 883518996
1519 1882 498720287
787 705 904826504
162 349 359211577
1245 1111 958338673
467 1075 974893899
108 1904 659219626
171 1513 716071773
1110 1085 725663674
189 377 846226087
1642 62 723858775
1290 394 461321515
455 1614 980169235
1245 1731 889730248
842 1531 356562351
1767 324 119697297
110 140 237407993
245 1099 340384361
11 667 933539334
215 987 392421540
1912 1455 503285638
510 1904 207099884
592 1575 237313556
1556 484 361113548
1658 547 771236237
1432 1151 577954584
600 1753 974460606
263 889 155754915
1050 1008 393614816
51 61 730357924
154 673 740961970
347 1769 540916689
1798 786 805885452
1489 248 945149105
4 1964 836909773
998 1096 797216775
689 1204 23837588
1590 1787 445948574
116 188 991110034
508 908 81550319
796 1233 943770649
25 76 213397639
1147 248 135670917
419 1165 451080185
1453 237 220464825
1407 1701 3998257
1757 1236 521790877
1978 1457 207031140
883 1246 834532461
1040 1190 625131430
1163 1249 895692476
933 1838 309831850
1466 354 716408647
595 663 131364495
1695 1088 938913604
1219 126 254159137
1890 173 512623914
827 1374 831917427
1143 1692 143747307
85 536 462916229
728 738 191339434
336 414 970711978
617 561 252851512
1659 1083 415961944
1403 1613 266476152
1962 407 841150060
1490 269 133927285
734 612 260168385
231 321 754350933
750 384 944157756
408 1024 293256793
751 1535 376938490
1214 1973 616645213
162 920 654056377
1002 384 656173920
1345 1973 747871244
578 110 899807468
130 1111 164897299
5 542 892685762
81 676 323634598
1734 1442 45298930
1786 1779 200331038
1683 644 145356503
719 1582 832224359
6 571 61732997
1183 780 369611635
548 159 440794778
5 1115 801546596
1760 1945 81716294
1542 716 243936589
662 1347 701344630
45 67 632373682
190 133 931196966
57 464 609747139
73 78 940585274
350 1216 639192715
591 1364 285069574
663 45 353962165
208 27 382600893
98 1783 983541427
1012 1168 487005995
902 1546 448894529
1670 690 979181010
398 1412 384450134
1212 1616 645280478
627 1669 429485858
453 736 967664358
1300 1473 945157019
1842 878 171587782
777 1947 44462581
884 788 363701978
1507 486 488796768
5 456 598048324
239 374 649565755
116 1280 578846213
701 597 860269166
424 983 998570285
29 1999 173011894
1212 1825 232395785
1378 1345 569157494
985 1705 853580296
1407 229 887083014
1084 1093 685554416
531 1425 465489928
157 1309 268252792
1072 1276 106011016
1367 1643 528679806
354 652 551313823
1792 628 785448597
760 1702 210760573
883 1965 990990993
354 1765 178890225
1215 1642 121615170
1290 960 432512
582 199 91625647
1645 1077 957453448
1763 1647 176732247
905 1604 254061741
1386 28 564461534
1354 228 379327925
1523 1960 248827637
1846 1097 885699532
1125 187 96514994
164 652 922486857
1714 1922 611566739
1969 573 379789892
882 656 366208546
581 1785 762396899
1951 1400 319084984
1327 1568 631054571
1313 1632 168264692
1604 1364 702218003
1828 1331 336072414
818 1441 987565228
226 312 49362567
966 1660 917118181
1526 1097 949036069
913 1792 353407693
1616 722 394904000
956 580 230594841
1922 1302 743553477
194 163 462839369
1324 1619 866509400
248 300 630535696
534 856 350070230
929 1793 306133740
1908 668 752038539
266 677 663127673
1507 1645 410132414
367 1771 628767555
1536 815 439534609
1564 998 714764252
133 153 930412885
153 844 868162058
1186 337 718100291
1189 1277 875527233
1994 1853 136565192
293 735 492623115
598 793 405451483
1671 198 717181197
11 144 799824001
289 1473 227716875
196 1165 460479609
94 1492 328588997
787 1315 144895074
288 21 543496000
217 1435 297410135
1242 9 561240556
128 199 516382871
1133 857 141812534
1046 847 975301851
6 939 295730619
1523 1813 812052264
1204 911 76076119
1549 747 772920502
1294 1999 368022335
1351 421 582150981
1807 1665 305622407
336 483 871491960
810 859 569220599
25 52 871914805
809 1618 365677578
166 1971 726365340
1496 1252 845967015
869 629 103694138
808 99 27807736
102 319 29411681
1527 643 790118565
683 268 472639410
577 414 141282022
1175 1824 279976809
837 1670 308991866
1199 1955 554657490
1549 1369 353035130
757 320 598453384
1802 1086 500417805
698 954 89522965
286 438 624500870
1949 1348 289967794
92 169 659054644
1689 1256 437633080
1186 134 430418597
1780 123 261538454
397 469 14557280
657 283 646144196
1377 1090 416549627
795 535 355005660
1008 1430 691804667
1609 53 153761293
1365 1720 383521517
1033 1777 870521882
5 9 332808472
1921 714 236869786
558 1043 303556667
470 769 562408434
547 1171 949674074
80 622 735856437
973 759 900145548
1714 563 168493504
1836 733 35532255
1311 169 896231545
29 632 912047799
511 391 961670303
1283 1464 481496529
1188 81 416484047
1877 1850 7691375
1535 1580 679205371
1441 643 676077834
123 349 314043122
285 390 296664514
461 1714 902827876
810 930 603492493
144 211 986508889
850 1819 30498828
556 768 983627279
1603 826 221908845
1036 349 726870525
1131 1409 246239371
1368 1756 927899066
1986 15 430504619
1655 483 105341626
1234 597 662467546
736 360 195383512
1208 1316 742831106
1979 684 940714142
570 799 598888488
1339 1375 700409447
1348 521 647539641
253 505 888677975
462 1408 722489872
1167 1346 593158903
1757 818 318476150
1167 1465 817085045
1612 79 396358055
341 93 721382902
1160 1905 914880513
1259 161 703060591
880 775 25160479
109 219 916458223
1508 1605 256599656
1138 1629 214176637
150 1422 692037321
320 829 72457979
606 526 107006006
953 700 236281446
3 245 526722555
1634 1858 287035001
543 621 982348914
635 158 68380930
948 1603 201655506
1858 709 414021356
205 1311 417226062
1373 1690 879968169
463 866 672595546
453 1817 982329917
811 1533 780304976
805 61 351233894
924 714 944578765
1110 146 855496201
1468 41 62133048
1320 1933 962746895
404 1029 546297064
619 1202 587467414
729 944 521880262
41 89 454566939
360 1088 237443281
1028 739 611990856
138 284 800986475
289 1049 614847936
1330 936 977095425
70 135 232834365
148 1530 8622385
1368 1294 514083670
1374 1596 588550656
1690 54 423825492
605 727 368210704
1783 1634 215848059
546 1089 762844984
1206 666 394617212
1718 891 710697434
437 796 417338697
996 1672 887082909
42 1321 355745100
1688 331 806916822
1765 1875 796876931
939 1927 151115578
642 835 12448387
374 678 779765542
1175 1252 361118971
1482 328 110746886
136 886 372479021
41 750 34763598
577 681 332930282
1768 35 702749323
399 1264 388377369
1901 821 195765344
298 1822 2843642
131 255 598605727
1984 616 108788643
583 1728 290433892
816 600 733740372
53 267 48101925
758 209 77220549
1421 121 394448022
1671 1359 33312877
572 1934 57957892
1035 1420 48390072
48 1672 787597824
1184 1406 771029471
174 275 537170504
1418 1636 783590330
1518 278 262862594
636 1899 646627941
1712 154 468753294
1280 197 589272082
600 1199 69710221
519 51 670345273
8 34 23992969
466 1654 777853475
1942 1931 780993512
583 1452 805700312
596 652 875291309
28 375 906031365
1176 1425 640708119
1668 1506 691013212
42 1553 101742844
1532 986 960340151
1825 306 17416173
158 223 636552013
1776 1862 813576096
655 864 197387145
199 439 119135355
490 1724 683284563
397 987 698858091
726 1873 886362601
722 1572 952082650
746 1367 98268383
1006 1841 772008727
818 1722 700425115
287 42 410058987
416 1752 677461865
836 1918 433683547
844 7 78570402
342 1097 963092993
709 985 158973896
806 858 856648098
1795 369 541942342
1697 1982 506376044
1754 1975 211315688
187 539 543362048
1165 1169 887686800
1127 2000 308675254
705 1371 859258398
1793 1679 481414995
818 893 602761692
158 429 243197899
1359 1539 658438503
624 1449 113635675
213 206 173851243
28 741 210987816
515 1260 796216479
1550 41 342907464
1883 1359 757743817
1708 1155 937779093
452 1252 953300084
72 102 692376337
346 402 714428944
576 1147 169906473
1695 950 249443202
1712 2 528242190
613 304 94577517
1075 36 353993847
1665 1071 994891394
1090 1400 65158922
328 1416 327626270
1716 1806 925509971
595 1626 849960106
1254 1489 288722648
1446 1534 320386616
917 1980 416713529
681 1843 616706129
259 600 464954475
1407 1468 437196132
1242 1628 929215608
1020 1931 355107935
1658 1805 954344072
287 1010 726643223
142 234 843639741
7 117 539644086
502 548 606806549
878 1170 405924412
1168 499 265819664
1397 1246 161635174
1769 590 450324121
1233 680 853017318
823 1372 136989427
19 1587 356454116
32 242 33586524
72 264 725634146
192 1436 574012218
1123 1254 241028772
241 1613 534147277
391 163 920354165
135 165 893980214
1217 364 967223225
379 490 100317384
287 1225 886054499
1544 609 914518959
397 1846 57079774
630 193 170379198
453 1547 843872689
1138 1884 500141517
1163 468 975770460
723 1748 959333708
1247 209 362508159
731 1545 57972167
262 149 833584972
1581 180 706955735
749 55 565550878
626 1537 505879200
581 623 280309848
110 1684 317577625
15 1905 709828018
281 1863 804540599
99 879 308660696
32 281 459436105
1737 1511 73571845
181 92 574260250
677 1917 445428117
1765 69 663357257
271 1962 749357479
416 975 40024912
180 922 816733957
1081 1913 121226541
924 1002 166100291
1526 1675 479282674
247 1360 977541350
1824 1607 544785097
7 15 969741671
889 1492 574124379
732 1129 383007571
324 240 658877247
666 294 979092563
615 921 731612516
47 815 211911680
1167 1113 118899109
370 784 493871341
1940 1748 112419621
229 359 89198059
1827 896 492786735
1498 221 200831547
1836 873 464469915
1472 171 691414
165 1883 855193821
439 81 341507593
1604 1525 18051053
97 118 428595681
1068 1218 524323261
146 1941 126819726
1171 1033 696627595
1260 1190 432262529
626 143 77984857
1492 1889 322216200
1208 28 476429513
499 1496 298665885
101 765 150182824
1065 153 18970522
153 56 874099289
845 1720 325136040
735 1420 636458288
6 95 265730627
1559 1875 119398173
3 1259 967595784
1095 723 201977409
1 612 396982835
959 127 760923303
1479 1647 821545586
17 1579 305907944
159 897 919364100
985 1792 409066339
1776 1347 779979889
1767 601 538364236
57 1454 877293737
11 80 883308767
1360 647 630963862
1990 397 705590491
758 1082 762900691
578 153 351556781
762 1251 487122232
46 448 33414410
1660 768 941442370
261 217 812147894
1643 1944 165121437
502 1015 117552195
1186 438 324826524
218 220 255085379
1751 21 998646160
1248 1282 580121682
1742 870 489098156
1350 830 824439924
906 1397 197331698
1459 1897 564577000
491 1982 757652065
1014 890 409241921
164 1135 91862352
1175 459 180563808
726 500 198334078
1469 394 13842088
130 650 333383388
23 1477 883473410
218 1621 429499315
17 1378 453220146
1843 715 557228794
592 172 348239349
130 1373 968273292
189 920 827235252
1059 1567 856633910
357 1175 957930096
1333 588 434830024
529 1703 788582740
418 120 552679358
1756 1459 931776420
232 102 865858522
72 735 547580982
902 213 327098487
1529 294 440416039
996 1028 88461612
288 1057 382649293
1585 1578 790229261
38 47 801738801
633 968 807445048
1056 508 805225859
1960 848 394263051
295 598 902960342
925 1017 566203208
1559 146 583499273
514 662 152898166
33 348 278505856
1520 1940 579649017
1615 1140 92204676
41 286 232016836
247 573 284722170
1229 1551 355938354
1406 137 17042364
121 1277 736722903
118 22 456052231
1840 384 461700810
323 1778 913823528
1241 459 702187530
321 1121 671558096
1332 875 274241372
1007 1743 971952891
715 1831 828217661
1359 1225 149747813
5 10 970500818
390 732 958761860
428 1156 398054272
453 868 487875918
176 1925 412882774
1670 212 992589709
194 892 176874571
1529 1533 116505919
791 245 457230549
1394 93 406421984
115 194 240317629
36 1344 892496486
946 1278 744795349
531 413 744847816
1086 1864 782790128
650 1571 531589265
1347 849 303251472
1553 378 165729326
1716 1207 500959235
578 95 2840544
311 626 155365352
1877 651 782571520
1345 1800 180935403
241 904 253574924
1172 1407 312132404
1519 661 522566782
602 1364 277219796
544 994 780950481
347 1867 480595516
18 1828 54387036
432 756 626378306
580 696 923564663
926 558 565100114
24 1493 720030594
1536 1562 47950550
4 1772 926869211
214 389 748384923
809 1608 2847181
852 1433 474712375
567 1775 640226471
795 1459 60844205
1638 154 517905446
386 789 589447711
163 1315 14738054
108 298 354156180
1831 959 233334893
70 187 408490368
1447 1741 448694713
1619 615 546281869
1484 1570 883798996
933 1421 671055454
1854 1716 603947506
1081 201 182514581
25 58 700695813
1630 675 381878171
1507 1053 50442166
1794 1385 823308983
83 1660 298467505
1033 1271 24854594
1288 865 31247901
1463 498 194948187
555 1813 304870435
820 641 784381767
435 1695 752354568
1265 1587 29379345
1638 1755 387948599
1527 1097 702151167
154 238 319864427
199 555 684537972
9 53 708847564
1885 836 259164409
1615 1233 796210920
66 716 782091169
301 1773 624662067
960 1244 735333071
135 1166 908164391
1680 1984 658708318
1722 618 21853530
257 592 76209437
274 243 543884257
391 759 974838876
29 103 120635108
1165 98 878251352
652 736 125301783
1476 1289 85325803
259 1411 267595700
1481 1287 96040626
231 1894 592205283
583 1237 448567769
1085 1462 893559920
268 1586 636368462
494 670 666264142
220 1671 192265750
1345 1405 840694102
265 1973 591754641
1073 987 22901018
731 1030 407629662
837 1388 26222451
419 1530 429617225
35 1401 91020430
696 97 988268957
40 614 149061686
251 1020 814281069
570 1520 130963189
353 1610 980489319
312 107 92706821
557 393 390774454
5 1328 184826655
1639 919 16028737
659 473 498260626
1902 343 237052460
828 1691 590840525
1554 235 444592086
123 1623 833113469
1465 880 79913237
829 1453 543191898
342 620 303783847
434 1203 345488931
1958 1176 90919490
164 531 928697348
1772 495 267381237
160 303 162465888
994 1853 573427788
1388 413 203836272
127 1229 591267381
1807 352 950261296
1671 1263 863478694
291 357 197038269
731 1632 262749175
602 1417 164815602
298 1503 166151156
1292 158 529107871
766 926 413602729
1453 1595 291516066
774 1308 617463002
258 1124 287609812
74 883 309202756
361 458 446504913
1056 36 568939413
1107 207 282408939
1801 701 633447107
736 1493 693998650
219 1408 364313317
1938 1594 203712932
148 418 198095448
743 464 432610162
47 67 752103446
638 325 949263921
413 1823 835828223
1437 1902 419964777
1311 618 565005277
123 577 927561850
624 142 570649764
1597 1907 16884063
173 287 734811256
428 327 131351323
230 1133 696287563
79 108 280925737
1831 656 198084369
1590 1210 192272114
516 660 123111182
745 1525 129150052
275 1797 126529268
763 1161 759891242
264 801 820701954
743 788 165864481
770 983 438894182
559 1525 50373901
1214 564 760083334
763 1162 870030656
470 2000 749395259
1415 1738 765547085
1614 1029 330036978
1173 1889 46825360
88 740 690963056
1835 623 612944268
422 522 402371676
1893 680 443333262
710 1996 434750763
1937 162 676062581
1555 1963 196767700
66 1797 383555716
393 1306 6606812
553 1585 733624335
801 1752 270135797
975 1591 787688559
532 908 8823424
45 1151 168784753
1278 161 417954450
156 451 926056171
761 1108 764970451
1638 1982 300764239
60 966 323621815
1727 1663 875529562
1238 1668 414660428
275 517 581720835
1043 1369 84758874
904 102 381151144
929 1690 138547780
290 1595 348425811
671 1591 364683825
143 855 524710005
992 1722 330145111
1387 711 445054705
56 792 809000470
977 1114 193637523
1941 473 796473165
903 631 15371893
642 1601 53130964
1927 140 204703089
551 1936 451207040
1508 867 119147619
1542 1537 198389992
655 585 696705514
1202 725 52641464
1037 1582 572869184
139 679 944645368
73 1966 425596987
1660 1364 206630005
1434 1505 779513127
1859 133 522475987
1707 515 989895135
3 62 936360396
426 707 467551499
1939 498 356849691
1030 1891 761709040
1267 1674 946081829
112 504 642661357
1497 1662 577298262
612 286 53206276
510 1639 582029420
380 1394 654863057
446 634 969825801
69 570 97481488
1406 1904 895175272
651 720 65271392
1470 1364 870908835
450 196 1574197
752 662 972610025
460 4 175379988
964 1403 602989740
129 1342 41824291
411 285 445510750
887 1433 880312463
1287 1278 249934467
1348 26 370250259
362 1959 559199507
233 1625 991785467
284 822 679659234
1666 1677 621941241
231 888 491707674
40 91 630296343
1735 1938 625917624
1614 657 263380987
924 1949 746135979
1760 1825 289205405
1624 477 187049646
1155 1410 377437215
1125 923 285977789
578 1540 827537713
939 1302 575725913
63 294 537943347
406 325 836616917
1384 1639 580389653
655 1226 649085601
973 1668 645768644
303 623 470472312
235 868 519232788
1845 1395 445166752
1312 1774 487597653
1098 658 171551965
744 1414 827105756
1181 1169 813673353
1567 1852 733525438
615 730 269749511
1635 1494 474814589
1858 1831 341351494
206 353 111100818
196 1788 274685014
966 317 370575097
1901 1010 932750473
324 1988 480834193
882 1015 452061736
1883 1628 402009180
1492 1634 563379581
1180 1792 399123180
142 1811 254043191
118 752 548270097
1471 929 814461435
1159 1673 324388852
799 143 423064906
1915 1574 522858308
108 294 191066005
111 176 397352742
349 433 661696961
205 610 615191306
905 493 355580860
1698 1426 326111704
502 642 328286713
1162 788 294017602
1040 1004 306413804
690 881 389228428
89 1465 781404881
342 882 119657225
1891 471 976352106
1692 565 597853956
771 1022 946747818
258 300 390105539
1475 1318 675999379
1680 1114 767840675
346 1232 253628272
777 670 702671835
45 1274 59259635
66 747 238993573
1986 1568 423503007
639 673 432255950
1137 225 130131490
537 700 872751313
454 445 621225868
709 1597 684848556
653 347 858333219
1675 651 211101743
1942 369 542075692
1186 813 420547138
417 871 691303416
1649 1358 699020771
862 1105 591444046
1059 389 951526614
574 1217 267871325
861 1138 604782767
303 682 223767679
1264 1637 323417878
367 1510 928758205
1084 1257 900569633
1862 365 238089082
1919 1950 557704655
979 1543 167657019
1266 1690 225571413
1646 103 209483855
793 1834 915588865
1048 1379 790658834
378 696 135592711
463 287 598346780
413 865 805616504
1042 1980 8020750
681 1651 702767998
1722 921 628090979
1294 1917 792408582
1781 395 283466699
516 634 901233987
123 125 315624869
1361 1380 87565295
1026 1692 930461459
672 1955 706430967
187 879 930269474
2 22 515997991
66 79 262654393
1038 1293 50361321
255 625 712374536
258 193 94212502
1417 440 919295052
442 1568 18989539
1724 288 264422064
1471 1831 305288859
267 336 313536054
1799 1378 242400866
46 743 153532262
1615 754 865815028
660 1598 993569499
210 718 544976175
21 1726 951634177
1690 1294 255518805
497 1990 46152390
1573 1918 846004130
219 959 609407123
1562 1185 862879548
1224 1246 440750094
50 987 457546986
294 985 586112331
1803 1181 319312875
886 432 980398307
291 1068 768048122
46 702 856329395
192 951 306855479
1197 1700 469036305
828 1556 298026204
740 500 573411943
1920 1728 181392367
25 1326 248115546
295 873 28786116
1032 1051 140702180
94 431 839911241
743 1711 841723625
1434 1292 506225972
2 3 977291534
305 64 531910796
1100 751 297200879
35 603 277461503
1063 1924 217238633
1183 1643 7658645
1540 417 22511973
1790 422 761215122
593 1718 929785557
284 839 210549348
607 1772 164874218
1302 1835 408469216
1357 429 877334223
918 696 269242644
995 59 798613519
48 754 632193087
1330 725 119221451
114 654 573675055
1634 945 576748422
1423 299 831373073
1995 1962 331230040
70 1882 296655875
916 1582 517959211
121 552 387401098
1461 895 412123445
856 1956 118483692
1877 1187 312648880
524 1533 868564974
1304 257 892541675
43 148 690329445
238 1535 45615578
736 383 295273838
132 484 678611030
107 516 905725838
1996 373 388596796
319 508 937403881
1000 1254 285828339
1662 1487 419970539
1763 1575 502085061
269 542 66162869
1873 1501 136097496
700 615 219807131
248 1740 92918882
266 1984 966601440
385 1295 395191114
1122 1654 50898099
683 1748 522449028
1254 522 440678604
1693 611 241832822
1275 1630 933658448
251 433 833896256
729 1103 362588208
1946 365 283891211
549 1483 203400140
483 569 29315702
1762 1599 656374851
1820 961 141177683
1119 791 868078312
1980 938 302582301
1927 1902 658521002
1255 1340 249374006
1704 1422 432902116
1563 244 493468829
487 1266 183786292
1 1506 536706075
591 801 936058372
1425 1699 234666320
590 470 917794598
1232 58 873610488
786 1089 470896353
560 1759 27481354
508 894 336356145
1725 630 612040953
422 997 21217431
1382 1487 93521565
56 1521 127657550
342 1978 100959619
598 625 840554272
1455 1297 475347735
1211 1342 446247021
538 249 933416406
1775 395 137683055
219 296 45074291
1846 973 292290548
633 1330 178909007
516 1459 474670243
960 69 489941832
1229 1236 52746740
109 201 423097482
1477 744 621244639
918 1893 897486266
845 309 677942310
877 1218 481403781
169 543 575800275
230 1166 409173851
689 854 446507065
677 591 338877629
1837 402 829026241
175 1412 840686752
1172 244 812956639
243 1416 301852563
1165 386 31170729
145 742 886304620
814 1995 139430561
1352 1247 657357603
1368 1953 673029502
1977 1987 115964136
1032 1360 475409412
1815 1726 88394852
977 999 910397425
847 881 180718275
1803 1474 209595435
21 1420 755134509
248 1495 487766633
466 39 306698158
224 830 726108525
1214 1515 29851375
418 279 980799464
1728 1739 920369660
40 111 843549174
1488 1159 857347177
1958 1454 941780896
1174 1875 545510467
385 766 498269628
1025 1106 427241402
1435 1176 113524025
1553 1375 256951210
310 1895 122925685
65 753 566829522
1173 1088 311775288
1381 25 204888669
378 997 155305836
1067 1259 209372187
173 561 117794061
1918 1171 803746780
895 1437 646359662
305 1902 834199242
502 1636 909547841
292 68 739277967
1109 1537 62133158
388 36 279612287
1990 1939 537749226
1170 1366 583572708
1668 150 457089426
1383 1068 834179595
1599 794 33364579
1742 1779 883815341
448 1391 784641658
278 293 836645530
1 12 745599106
544 998 175824226
558 1650 870339993
514 1020 367098235
1714 716 926333770
626 614 360777884
219 438 782102224
249 1913 498175868
930 973 714051138
437 1840 384164846
144 1897 336622369
440 1746 309044958
1322 443 842247601
583 833 982471429
1161 1223 444350421
460 533 638521725
1154 1507 927760607
359 1804 131506396
1680 735 795427120
1801 1710 153790043
1444 1740 758216261
949 547 536727338
1821 1029 152258115
1821 1107 984507702
1743 122 311807957
1606 1876 388381480
510 1337 932964797
102 398 666865343
1036 1173 529771181
466 1602 669222308
1383 1624 159809558
963 239 705519903
1552 910 995731473
1495 45 175540651
619 1934 772153212
200 983 684295074
249 644 652087932
270 1169 222484566
108 267 707716918
1745 1800 89252981
1408 861 966720589
158 984 355241698
1548 164 768392892
220 1575 615650844
288 568 270585757
1637 527 421713049
740 842 341928583
574 892 226613739
776 1369 861590961
1137 812 401193878
593 86 593873276
1025 143 416681429
482 821 52760799
1090 635 680769414
3 1821 414697588
727 1065 515586865
355 479 801843376
1757 728 812929867
1149 1338 835563123
621 845 55723226
1878 1553 255575144
1047 1263 784240861
1440 1474 107240046
1936 610 7739167
1059 765 56964043
1087 287 255998853
773 421 930018404
13 919 482173942
379 113 919657199
1041 1784 620316612
8 19 467110288
388 1747 963274317
863 1319 25856117
752 1340 978666477
470 797 834266614
438 1484 164718188
477 214 647478216
694 977 375558638
1232 189 265057922
861 1352 114666851
321 1140 67774692
726 1796 14509896
55 146 806263712
159 820 504240884
1829 263 516494695
344 128 986995064
1071 645 337497838
1490 424 438139212
309 726 813679264
1651 772 713744003
1747 619 64987278
1328 1452 710946005
1954 854 693920039
843 80 927185093
1099 1755 758239397
410 720 123802547
180 1209 923059647
1019 1859 372482070
1848 1089 108527265
750 14 695465563
793 132 385291503
858 1230 876117710
405 248 569059106
1493 1718 531598772
1510 1242 953167579
1685 1846 700146447
333 833 816540698
331 1891 201003796
291 1482 553297051
406 680 49121825
459 130 823892131
1941 1915 420418219
1167 1026 129911954
1946 1346 458842078
905 853 846852801
372 1330 567798962
598 1574 581609867
426 546 880199704
1819 419 93583082
1689 1255 107138348
632 1262 761112864
13 1664 867956258
79 1335 58667237
811 1782 374302023
1019 1497 790873271
1405 724 844368021
663 1810 250599671
1834 783 257245828
1616 1943 480997878
780 1968 922385309
96 1386 35252324
482 871 642527877
237 373 54703563
1752 1543 367823894
53 166 20715345
268 1333 771977866
1557 481 792047189
624 1788 447032041
814 271 807198628
189 1064 14919201
744 1390 631603552
713 359 753207778
1163 1874 998119312
1892 689 705600708
1890 1902 346920757
589 201 788453291
26 1378 735102326
1129 1516 144670742
351 1294 208446236
1314 980 930903746
553 313 370799403
619 857 562443634
465 1829 599168582
1217 1500 946487673
1659 795 506977353
901 1310 833550804
580 872 635628170
1216 450 120930238
1241 926 987994145
422 877 913080044
466 1223 338504906
1369 4 722838233
897 473 904525537
1156 1633 944051215
245 216 649769544
257 269 849263717
59 1749 34835076
209 222 311223935
1086 117 335356340
1903 332 484248480
77 255 711099705
307 1010 465147759
1464 1972 834481874
168 1216 456000528
1705 1272 879771266
774 451 201449896
1566 688 717368039
804 1054 693937192
462 773 881941912
30 1396 935878200
934 207 839647172
1180 554 728255348
1124 305 50652149
1179 1594 366874666
178 369 400833238
1717 487 350006997
1027 529 781468733
739 1782 957440105
701 1393 119818875
1120 1304 523187210
1202 541 854985036
261 324 982799796
1138 327 305760483
655 1574 73096995
1963 1894 976694911
1385 171 503476651
1786 95 188640810
496 1359 698075663
263 78 750262431
1699 1512 800632135
276 974 968404393
1241 170 10494976
1489 619 975765081
49 158 499180274
411 196 776725818
1407 861 443277228
792 684 105600932
818 1072 800134138
1467 265 913818116
456 1532 547299412
1475 1106 875021805
758 1242 495056560
150 349 850228510
854 1154 288452617
1004 1500 819111386
372 609 97235593
973 351 203640183
1566 953 889941491
1699 774 323420098
247 748 29687127
1882 723 319693596
983 1046 23903338
583 15 86944516
1355 1003 425541105
1680 1570 319694754
673 1869 336413074
1091 1236 935372653
1751 1276 43389490
142 587 385892884
464 1444 927359267
408 1103 268145104
1302 1723 496702296
997 1158 186395547
787 708 653748157
1647 1779 138039231
1352 1998 571754711
1281 1412 361689396
360 1292 5443294
473 685 381839731
99 156 374140114
701 577 517324054
1801 929 40453233
1892 1945 109604054
1110 1682 649720907
617 121 631782072
242 273 565658334
29 104 962945330
789 1615 641037201
640 1292 659081578
1617 1976 591384316
1203 940 821081404
197 1004 254535025
309 1532 92783194
1280 1733 378216482
269 562 919446147
422 540 544671003
898 856 552309805
856 1441 922726715
732 1240 570371557
771 950 452888880
83 163 195622010
1743 1599 797984361
1142 276 261533412
1891 1689 221437271
46 1054 714580525
348 1666 385478246
18 134 781690623
109 2 840477895
980 268 526559985
1112 773 596425782
1507 1655 712531760
882 1652 97730285
1279 1052 227844872
651 1220 424553981
790 1879 308120890
517 1844 7656324
1326 1084 90529073
1027 68 821775925
1005 311 780584235
785 1777 77944927
897 951 574044206
69 537 321939044
1840 632 85401838
56 485 933651846
523 1681 299095878
543 1110 17429230
6 65 676696685
67 490 206015678
1003 1108 150858285
1299 1918 883514007
399 806 95195538
397 1968 428391537
816 1155 432690887
638 1211 960462161
1926 364 393930913
673 558 270887296
1781 792 269144948
275 465 927304330
384 1934 346387492
1395 785 449504815
256 1620 363854304
770 288 614836675
1602 83 299314318
1699 132 191035339
1343 854 988923865
469 1473 649947624
1026 167 964043417
66 353 491189071
1435 1962 126236110
1663 683 706459900
75 1287 431883162
451 1307 552485910
1601 1175 269884531
1546 530 111717684
1177 483 871368754
1265 1384 337260940
128 1710 199031043
274 1058 388221007
597 1107 139787674
956 1514 544000074
185 907 179144839
1774 1757 464578507
1191 704 566283150
1946 1876 433785396
902 1001 380462352
15 897 502619227
1569 851 116711888
1022 1488 50063210
1987 898 316886701
424 955 712100390
1763 32 639368135
1017 173 970152296
817 847 842330124
706 199 304503849
1149 1659 707235418
739 305 582589484
1862 808 382674441
1465 409 974299627
209 663 587132561
1967 1361 658616704
900 1052 513996565
84 1623 931492095
19 400 699130262
697 1173 90466649
1371 1461 498221437
1086 1093 403177743
496 869 930870641
899 678 825421595
1418 1584 580753172
241 244 264869550
1064 1609 294650156
1369 1987 676777431
156 1196 516713995
650 1207 967338691
452 905 405751310
520 1098 259203809
366 591 909383132
676 328 597253385
1377 1349 726844137
1533 705 42260102
333 28 104687692
856 1826 420551002
513 948 147602164
1882 583 534185914
1398 1715 250095932
358 1380 265375196
1754 1036 618445490
364 1437 504324596
238 254 280375239
1426 1998 624374760
526 564 234378027
784 717 281875020
204 1147 891100407
253 492 151858788
1910 1105 784310912
825 388 538207392
1500 1613 247334306
1 1030 927309774
309 385 313612193
1267 1896 520730397
782 1813 354911550
1360 189 71206890
1384 649 627252026
1470 1996 340874359
660 314 637792729
1949 62 457561421
1848 1458 786331761
1870 76 798503471
1229 1477 578287916
1511 1525 271526115
1050 137 547188721
896 1041 350418121
418 997 721402651
1788 439 86887458
1725 194 57036815
472 139 124961723
202 1428 561255995
1981 857 368550345
260 319 179543458
550 724 466395982
1331 537 867154898
1907 1002 217085535
13 508 353991395
815 1480 312611020
936 1073 915802814
430 631 801477300
365 1105 410041599
980 1528 231328910
246 172 976283546
1053 1491 981492703
55 1164 123537750
194 400 320083853
1876 1138 42027908
1911 433 889276305
467 624 614620129
1202 119 990972549
320 777 317045868
489 719 881913711
223 1884 808206744
213 782 752048297
913 1341 120739929
681 888 815600775
101 200 821327878
110 1407 65212258
1371 1657 245162166
111 826 52309432
652 1441 120517472
292 894 929283717
1948 116 406533720
1667 809 197298243
413 224 518709248
1997 1089 76320799
1102 1287 941473421
815 70 849678682
1081 1519 223583503
1960 1316 811257990
1283 628 976485947
1484 1825 507021055
243 259 16765923
263 512 813953488
218 588 848879862
492 1467 305704770
1724 1156 713235085
1053 614 305220288
1664 1695 932944578
513 1254 826861900
977 1347 56946925
1611 248 591086879
996 1694 684339987
1228 1527 600574307
1147 1254 819231255
1677 899 153436194
1604 754 100309391
229 1046 247724722
13 110 748879364
824 1949 863341681
1042 1260 860455547
21 23 575263663
873 1899 494659364
1935 1109 176887275
279 448 704507860
824 1617 94255406
1652 1767 266111563
677 815 644863906
1326 1963 8170241
1707 252 320024749
1772 1373 686596112
26 433 843463654
339 190 945500334
259 492 107467970
1181 982 751036088
502 1085 373669289
882 543 513725932
657 939 689554520
1913 1252 511666787
2 966 413845416
601 709 116759310
931 644 85404858
697 258 907635232
170 277 975864588
1589 1820 24130627
301 1997 45985098
1895 1471 995683235
1165 759 391197578
1543 983 807763550
66 129 970525400
380 1579 289482278
671 1814 998567569
1566 1654 186414200
1404 1155 462986820
2 1766 234712393
299 1127 686560533
817 1142 486019127
730 1321 579952303
70 1819 456428378
909 273 440915430
575 1084 847193111
826 295 514094127
1528 546 717057925
227 1177 619565946
830 974 594333872
228 1098 512714028
953 1857 289323293
428 701 391830085
332 951 811847717
128 1197 493286635
167 515 56970937
1868 1494 354436873
357 355 227183927
927 965 429070301
1203 1340 289590249
1204 1737 270194514
238 1418 955336776
364 1821 360254474
1542 1975 432815069
1883 689 182912559
1107 545 711988395
1154 1761 526331205
1152 1696 454956619
532 964 628997747
1825 1846 947570111
365 1177 299946654
1977 1338 417185050
255 1676 738119397
954 1710 554862990
105 109 371400033
27 735 611749495
51 82 154839431
507 834 428614621
446 1107 473934715
1502 1655 327956452
1171 396 459358506
177 1984 238569995
615 532 742552227
1837 391 247822927
1774 829 277290944
1253 869 697585298
1056 247 708387213
954 1626 346085001
1384 1894 431653402
1151 903 740340285
206 694 775869626
297 690 289411919
1971 1343 795616342
1641 428 185226723
495 1454 858068054
778 1639 685236103
307 1365 984798186
1439 1354 208026597
780 1764 690098749
6 498 57429373
54 863 531729540
717 1887 967458527
519 212 554914022
1346 1321 545258435
788 98 677508077
1361 688 938362269
1195 1537 965368570
1619 1732 327673377
904 1550 133811441
917 1139 293148098
101 909 165107892
857 602 59117476
1119 1075 271183196
1311 1128 22167935
1767 814 537297179
1055 1889 972471181
67 1147 268943631
1544 1468 142891263
892 1312 158684959
1653 1406 73326287
538 1034 70754324
573 1603 270368809
884 319 209449155
353 1691 398213220
1427 1677 120265224
730 820 227681268
470 190 303869565
1779 1887 659742741
593 1344 606273055
996 1202 658021973
1323 476 152625402
1393 1864 131031867
1312 906 759981073
368 605 688443281
1472 1693 600328722
1676 1967 763671069
1685 947 416295368
614 652 161954170
93 1308 117861707
55 975 566883139
1018 1146 883009652
1939 229 586841356
243 1750 268096157
1107 1191 116948958
801 1086 311536879
98 1505 566587907
815 1631 106609846
572 1962 339539774
1492 1555 618253797
1547 851 160343978
200 1577 33724765
810 1751 250501219
780 487 587442608
938 1564 895112591
567 1854 876644498
470 1228 67375736
1505 137 262813822
96 807 546875437
1456 1461 946938824
414 701 307982224
511 1231 901070915
215 224 61601051
1462 1286 29639151
1005 639 355739275
1205 1313 394436816
604 379 742900641
1028 1063 498433662
93 299 146491846
15 1937 928409999
503 1616 828428609
1714 1310 607457019
339 360 472432130
153 1049 9083564
848 1940 905890772
1690 1499 208264644
402 190 453680214
850 1027 603530899
42 68 37958933
12 16 940619081
827 1777 925876934
188 1170 162276210
1188 1741 897002497
33 540 344975267
1975 1825 118526319
602 744 522555723
829 1896 122981627
243 1152 840333544
1771 729 742526253
1731 947 141946327
627 1614 394159804
1503 1967 548396016
260 1408 248343522
620 903 329195778
813 840 811317485
351 695 313428805
484 1291 20164727
437 1861 982139518
841 1585 368943900
1565 1741 148952145
338 181 339188522
1330 812 605780963
205 1241 790654419
657 54 814686866
1970 76 218198635
1489 1675 4832630
75 996 116418362
273 1727 539163093
818 1476 683249092
1880 1227 885886248
781 876 551947101
1180 1590 126577360
579 544 522874620
1835 1463 251441866
1775 1960 15206375
1060 818 225442562
393 399 544001536
117 1111 332615828
503 468 512808270
1205 237 680003413
815 1926 188724702
474 620 978571999
1398 1151 886395692
1908 1818 956700922
1015 1317 494941257
25 1539 56544784
1717 1204 207278262
835 950 514178723
815 907 184818564
1164 374 83310807
527 1270 505710447
644 735 86159965
12 1776 829064893
1422 146 239033666
1731 1568 66782077
167 1624 967975748
1099 54 900380072
818 916 616870163
1067 293 759636718
698 836 841299821
576 1876 171289360
1825 1142 106303315
1655 716 616862011
1688 826 573288372
205 940 453473530
131 1159 328941318
1598 1708 838376678
1864 1959 505407908
431 993 859864395
1684 1924 827941278
1227 1518 141586337
1212 1497 341632211
1164 315 636811974
961 503 694738073
862 1110 24588819
1253 1394 77771592
16 678 568266766
1885 1714 828185339
16 18 874260054
680 558 792320086
795 238 716632981
20 232 505752148
1632 237 873386352
1236 193 479057202
37 1581 285409662
517 441 380442934
1682 616 808462403
477 1621 246348469
1533 1765 854313282
414 1662 297511483
371 1325 58936387
1861 1244 913737796
1053 1481 765725668
1734 1662 773132439
1596 1955 556630597
892 805 994772673
688 1177 324342098
1307 680 671593690
1961 639 230705019
507 1567 383918967
111 1349 494552595
1449 1269 651457795
439 1795 123650694
1230 1273 691684478
1534 1182 395839329
708 1052 892516931
1483 1326 208381776
1492 417 849926051
330 1970 462923593
1140 1200 183219825
981 1920 949865733
329 1176 591345579
1069 1421 857837315
1677 492 279349014
36 1319 480872059
730 1692 152391537
1820 610 571504843
1938 1979 877796192
171 535 994118832
1140 696 690364840
1250 1156 274663159
1523 59 344891830
1651 1918 700301848
163 746 245288648
644 851 483858603
634 1741 171997128
1349 627 464705633
1400 1783 546123163
1984 163 155035082
867 293 175860440
252 649 399872487
484 1137 934636354
421 79 143133983
227 543 241736723
57 147 382176836
191 639 106087727
384 1228 996443799
456 314 422265884
407 1613 122591268
1472 966 114973975
234 1729 331460633
107 365 233714348
1619 1093 367216862
440 1165 641675680
87 997 120989673
53 1373 823456867
296 1493 17872745
843 789 315270500
795 821 804771205
207 468 443076234
929 757 172331615
213 844 279398160
677 1414 28180530
1738 1083 647310983
107 1286 224089448
917 769 366520985
18 1298 638244223
1333 1611 914029806
356 851 842162955
290 193 975209488
1420 1456 388682758
1106 258 13435427
831 1093 238162505
217 1568 93577933
1097 1527 196261113
1813 528 961070530
1739 392 599846892
1109 664 700648400
748 1054 673635392
1808 1051 246629051
65 691 278901236
1215 457 592201450
465 1978 872280614
1080 1954 878638497
211 229 724147568
644 1643 880940952
426 1298 3364188
184 867 169638552
40 604 54647486
1444 1488 395868424
191 1893 574965809
1189 1229 827935465
1062 837 543894916
826 878 830679798
757 35 882640635
632 1856 998299047
1912 1144 531575168
308 719 452942239
1317 1717 940257226
97 416 815747467
645 1955 34526698
53 270 401390331
675 1037 111895052
532 733 111108906
1525 1157 728196362
709 1316 482296885
206 1271 335558145
22 323 746714875
1136 1398 586510570
1985 1931 644647041
1103 54 8735814
1712 1904 3086885
792 81 588208901
642 289 348521477
1540 346 317681232
885 1639 46223507
220 694 430681141
311 855 328425256
315 1524 104642570
1195 1406 13928487
1725 1332 158836305
1292 1189 59704619
393 1365 512583698
719 830 310075956
1156 1524 949519527
474 1458 844094620
273 565 474662903
1110 1694 815386392
672 1669 789580115
626 672 907560057
1398 1429 999411207
1281 1680 525449560
1546 1432 800209953
972 1381 472076350
423 1775 109168419
72 1437 302085437
1200 109 40377460
821 1696 797905293
397 330 9907556
1565 1597 23644139
667 1343 269915403
296 929 794440687
269 654 571106407
1005 1037 429130035
1475 1010 216859207
87 220 249993000
1216 59 143931068
334 1735 817123010
238 1919 824216303
949 1844 674645815
1732 1741 864159073
845 1606 801564992
1107 463 365149978
174 1757 479084075
1664 1371 554798159
627 595 96576135
432 1689 763083405
203 426 673075224
111 1570 340278256
73 559 334051909
1160 588 556406146
641 863 733561215
459 73 391562908
978 1497 413896060
1325 1491 357774984
794 1435 416150539
73 1777 17450922
1764 1216 664067083
847 1204 689729399
1948 1669 826352622
1103 1239 17813896
960 1802 14376796
448 1882 126886707
1209 1851 78375846
732 1055 734672729
1715 662 202342506
807 998 157687018
81 598 364749285
396 1227 504749732
839 1362 858399981
232 1275 128785070
26 107 507631048
644 455 382271311
311 514 879316197
917 540 553320878
1176 1031 33821595
554 1340 574919628
1509 783 737709826
473 495 777132823
1879 1893 750279205
965 143 243851422
106 138 516359539
1107 774 997707997
230 428 267793212
1459 229 754773344
1626 1188 917436249
1644 1669 475057848
729 173 713080744
920 353 962854693
672 331 425720226
92 171 423065406
1701 1717 493921548
1611 105 599032824
992 1752 639493331
930 1072 258475137
226 1291 643876373
1489 1172 346269952
403 966 751960015
762 970 350928156
1894 1315 418063376
1467 1642 874891481
274 421 723475999
91 315 564557283
998 1958 585037743
1011 578 360981676
18 183 813541300
1100 1588 955138231
331 973 885149437
273 1154 505004055
1129 1316 368428099
350 1618 239680735
116 1084 205487358
652 784 889555
1928 738 126730669
576 1368 791663214
376 1787 495712540
769 910 794312192
494 1389 491546802
358 1760 131742707
661 700 290084565
842 956 791962753
1577 1090 675908286
126 745 2410302
148 1069 644752201
610 350 991960277
18 77 330143940
186 570 820513814
51 751 439007902
375 1815 387908247
1339 1571 196934407
257 415 704891171
249 1415 959690780
1702 1584 679747699
271 767 634984373
3 44 92454750
1237 1995 363179173
1455 317 540041410
762 1710 684215841
1705 1844 245175516
1319 1511 696263828
1544 1715 473058580
1269 419 10990963
75 372 134842021
626 122 791029862
1639 15 357457426
929 1178 326050340
1141 1837 985711118
1112 406 724300821
600 1042 211797831
1910 1939 557811580
1809 1676 245574191
177 1219 369747475
348 379 555868322
1596 254 57651867
292 646 610326013
732 1438 675158092
1310 11 174117103
329 1281 81496852
89 119 797068566
1872 1055 10722014
94 223 13871202
937 95 456265989
1645 1819 424617934
1604 782 560063619
1308 878 743895511
1275 232 973499638
1187 1199 398836940
17 1581 233491196
937 1717 580351621
1927 1729 513105718
1323 410 520911614
1061 396 72854874
1061 1447 20911591
127 777 27031248
528 536 174624381
797 1995 102384717
154 13 865963282
1069 596 600716868
568 1227 973207068
879 990 455309000
1789 55 863529657
1563 542 640672739
192 306 381676221
77 154 598390565
1254 833 634088516
273 824 411687001
59 150 683578972
725 1488 752984044
1703 1349 735935594
422 1861 750664251
491 1724 295534955
997 1097 90849094
1941 1829 646247713
1976 638 200552374
649 273 556017774
1212 1282 434860129
903 705 396073627
202 1872 397983308
588 830 330257368
1988 1404 837751079
1982 345 776642658
1341 1898 668497278
1787 896 204697537
1346 1750 651568938
808 1247 962737502
1807 488 928894611
1213 1721 238832855
800 944 266406468
1679 1820 414680512
1694 597 946780951
1648 1925 525142604
885 35 458718166
1353 1397 384422344
747 381 331812068
454 1198 314837903
54 1877 321771288
234 352 780666992
658 1667 330838915
439 626 774584553
1760 1833 379569814
521 1635 811254916
496 497 96686254
1026 1701 741524911
990 1003 122381820
1449 1007 145816013
620 1842 280765925
1136 1953 929751989
1271 1592 819128335
1360 710 931762995
945 1654 339664263
245 1990 118085797
1934 665 565766865
420 353 351981177
378 766 91539099
156 686 406234147
734 1107 113482774
1889 137 324658131
242 923 197730500
1419 1347 397724115
373 476 517822241
11 177 699215269
668 504 676626507
1744 1074 587204806
788 1049 803744389
659 968 318057776
1545 1536 704052581
375 750 611491373
532 796 565766233
1355 771 958556471
299 513 249157328
973 1905 274327949
395 411 644720681
1586 1011 782652281
15 385 705393821
933 675 831775169
1564 1235 279738784
588 1451 338790892
1376 501 36695164
649 1176 176355348
320 1050 196069579
538 150 71611960
834 540 904595307
67 149 256628506
1493 469 306287251
1499 1284 901990905
362 996 37570164
304 1279 280954526
869 1967 372739969
209 339 147328764
187 218 407330155
862 1979 27803597
1132 378 278063794
455 4 936241147
174 1053 612612391
1084 1324 153550579
68 1879 730461004
130 211 839793989
1004 1072 87940830
1057 822 351211403
1599 132 490313539
831 1725 710525500
1572 41 675205055
1740 255 419994024
1624 796 558490983
395 201 385697814
1108 616 629184124
1078 1300 630955978
315 941 86542171
130 680 88330336
1846 1110 387183929
265 409 581675401
73 1810 612941931
1856 699 706554018
295 449 185370381
306 1996 499099072
1390 1095 225853432
173 1211 835776226
1410 1636 918878585
185 1811 280364035
8 33 732763910
1151 1804 393703345
1554 569 533175670
1271 718 358999837
1205 1616 594651634
1692 1258 914246394
1050 1478 617520214
1922 711 615478354
1247 948 829549079
412 1172 852420784
1352 1657 185232921
904 1126 469659452
1000 87 809634420
1428 1774 398156494
1184 191 755294778
1346 685 470306052
897 89 539816953
755 313 76251980
1669 349 289930463
1127 1248 540737225
168 605 755310843
1638 1228 562353030
319 386 339574009
159 604 782870236
492 234 439150776
1305 951 272684134
829 559 741893360
775 958 713565803
1269 639 551834304
476 1207 396542632
1681 898 637901717
1021 1232 714971700
969 1144 330412712
440 270 859336976
75 518 701849053
1405 1503 196760160
311 1948 944768169
426 50 87619020
1914 766 506885757
79 143 958502612
1783 638 344908213
62 105 474920455
284 1409 506420658
702 1097 878518779
1128 1697 672545555
401 796 414805348
1212 1944 188369154
797 816 552056230
1541 163 786132636
1920 661 415804929
365 1302 21600193
914 1903 243651532
1071 1166 235185176
1301 815 968227066
53 1325 635257943
1195 869 636072132
1458 1124 660608333
187 202 392270445
222 722 306649192
1964 238 248671393
481 85 805949142
864 1648 282382084
15 307 218423791
1063 1310 318337776
1271 1679 355043676
1835 42 186944599
852 994 150809828
629 191 301512051
670 978 269942819
1402 649 239742743
1532 1488 26827833
1981 2 144751942
89 114 752173150
1549 58 761462349
93 1379 900623584
18 729 398584546
120 1043 388534610
1556 165 975174974
672 1193 350477859
348 557 211514859
129 860 99820744
868 1478 64525030
512 1721 228158248
419 593 937126646
140 1145 127837674
1592 577 504409504
548 664 550503928
148 282 989442178
1131 1652 802874397
1919 1886 419352079
97 127 946751634
1171 1254 372979517
1360 1805 319777818
666 1060 536786297
1923 692 820640378
1120 129 523971512
784 1334 100263011
157 708 390452131
550 132 838947716
808 1754 612894030
1231 1210 159923456
936 1280 233531976
67 116 847146449
385 692 124662208
607 1776 238023150
22 1549 352526503
1375 1651 622298311
465 1019 120995161
91 95 612810915
680 858 7501653
1102 1694 399287674
1244 1348 310971046
1658 50 425031748
1082 415 767898069
212 763 233208297
584 548 829578569
1371 1190 26380442
1620 995 381490577
269 854 478462639
1325 332 663579029
1351 216 1650804
268 900 101189259
361 536 448773420
961 576 463471229
1992 882 241888600
1708 1860 803360123
998 1012 131126397
960 1418 982463754
147 562 488615679
133 209 207967450
1975 1276 650349116
917 1075 389641757
586 1432 51426096
77 1937 304980228
576 1002 5321330
931 775 500048425
870 382 194646115
1010 1024 517123814
276 371 877027254
804 1768 562027323
1998 1879 760542569
1315 511 485671062
1671 392 776996757
622 665 837155284
1834 1345 17396739
1524 1491 840038893
1278 748 357195723
1612 427 768572343
377 1069 525398792
1804 336 508655706
488 144 954056480
414 43 646785804
1281 1486 884822519
1796 1417 243198854
1283 1921 471072782
834 1198 920058403
525 1557 979071826
372 1239 525378562
218 550 954527189
913 1958 415225412
634 1376 898105490
17 178 438725843
1760 1900 457871372
1466 721 781780304
274 251 86927645
1452 887 648599242
963 354 569744079
350 905 702859244
300 1859 655253593
801 171 195163038
1615 155 198648654
614 1154 384213136
1759 1221 574481766
116 1340 545036222
331 1428 210605727
580 645 244898700
1121 572 935333328
1 2 267749678
255 1947 279172372
1017 1062 55624665
1737 1474 552348913
995 1107 723407682
426 1635 898831739
1454 1011 327156169
766 1576 217158333
1010 100 473925089
6 1584 335227313
517 277 954526731
255 1911 186267209
72 822 562262582
1510 1889 867666643
1868 1596 711426596
193 270 209530216
1062 1968 841588207
745 1156 273946125
455 966 312292598
616 1084 165431687
656 934 966632850
32 1384 434245263
1688 1858 540182813
1383 1977 512961977
468 375 561077850
1236 80 407973127
944 1498 393395844
1884 184 738416443
867 806 674628919
190 529 364248228
688 841 458647031
1885 1256 79251829
1907 19 717162497
601 115 939694070
192 597 95877014
728 673 707748336
143 313 369783643
1519 1587 755188878
593 1596 284841183
26 370 760495563
759 16 409602092
171 983 198844956
513 1477 740006999
1509 456 933441215
998 1442 700242571
953 1058 457598400
393 650 595972374
1683 1149 446227160
403 712 99191609
641 1564 420981294
792 166 172904513
1445 1954 385839815
1478 385 279013429
365 1705 815205169
1334 432 856614995
1425 1653 239408420
838 1395 317369313
798 1746 847913472
39 59 194846216
83 534 169620457
1913 304 100554267
196 533 522880141
1338 1635 782070584
520 1403 652924675
243 663 999122745
26 123 354686468
482 310 573820368
1494 1764 680332326
1024 1785 219904591
943 1062 224542466
620 1559 356974861
1892 566 517461406
649 1318 431423341
71 1979 314328832
1786 257 814369718
1227 1149 734304589
950 1002 708592641
306 1373 513400665
992 801 5415622
1050 1254 791460613
195 397 410859080
50 195 542205093
469 1055 592955221
179 1365 123333451
299 800 77562128
453 1951 661734267
1517 945 88798571
806 1438 561007817
1567 1078 859118825
306 556 983926777
1981 395 62209415
193 302 487867640
714 1818 889022619
1026 932 829134968
1334 1631 629750662
1119 1694 442914976
1003 1045 137935898
104 278 176913766
66 254 269599459
200 534 376636856
137 778 54563200
1596 1462 582765492
21 1161 932121438
1861 1898 758576062
1693 1812 95505880
628 544 955085751
575 1870 628067182
1965 57 116721511
205 971 279621208
1962 215 442448166
566 1865 625431488
171 1697 681932971
290 392 173809737
514 996 457749661
524 419 491793207
493 1255 973379415
1996 1125 951578554
1144 135 518415616
513 210 468473212
83 335 788589849
714 1491 3644280
1813 1563 296316911
284 31 827170799
1176 629 346103929
1445 9 323047021
1270 1461 359002112
1911 192 161468553
879 1786 442656863
1802 97 903270290
751 1431 341425591
1178 1818 597493038
1834 1458 968507169
1266 360 313401889
1045 1808 918219842
229 280 758850323
173 221 515137299
827 1237 791396510
857 6 674534108
24 179 274781968
602 1090 123741186
198 1317 16381221
1127 107 886327171
1718 1962 981511592
25 36 837901358
1672 552 708564447
1451 1192 207554609
277 1541 890064925
1060 1126 172388663
40 73 280311983
1326 76 528571241
458 471 16929717
1227 1042 958198593
37 694 668408484
389 665 659656040
426 1664 26914211
1570 731 490441259
495 815 882853158
170 1039 883960885
1611 2000 872464185
1678 1717 943345211
110 1694 930772189
1750 419 556308623
399 1320 646791911
1379 1932 262602821
1773 945 841541780
135 848 53786663
28 1625 66339895
384 1716 272555251
299 1406 431706552
1004 1074 230757118
1654 222 153833888
1326 1447 517910845
187 1355 346319637
210 1788 486606470
174 617 456546450
563 1836 50758149
631 1188 803370627
512 1592 865159853
379 666 487009483
151 260 296552637
204 731 103406343
1802 1104 797369842
362 1283 274577357
1703 99 816096110
112 615 318620359
1997 494 233048531
528 1447 853545941
546 1931 977710788
725 1493 126089397
317 1923 928939634
542 555 571591652
1126 1220 539382899
884 1562 968712755
264 396 807581448
82 477 244565301
696 1432 422219661
1041 1457 354359707
84 181 953789299
1859 22 617315017
393 887 923069167
1592 1185 225217191
88 1123 247965282
1802 403 794290334
1146 1889 295876055
473 1921 259176606
54 55 295448788
273 201 565103889
801 388 306628094
1841 1571 967259697
1095 1429 110701094
337 860 649436823
500 236 634131202
1261 1597 580920717
1257 1809 108965621
245 297 923019972
253 240 275096264
1251 1727 538051970
432 151 257913583
956 1440 93940260
1946 1716 492393901
1736 1518 971605655
1899 269 118376340
230 838 379476293
34 66 383475057
1183 1358 133751089
46 93 76844322
1428 777 869769144
256 1462 213359722
1159 354 844127064
274 460 232879463
3 1305 338042574
624 1685 142587970
1623 319 366893934
1826 753 747552880
79 774 193790363
472 525 932733043
1478 1683 427996109
467 744 919619854
707 397 719319853
1990 1872 232628547
1622 1490 990276881
1147 1057 111410943
271 463 669606550
934 1698 7545123
1595 496 170832974
1485 1278 162310809
639 938 700535433
550 1021 754438600
634 678 369896147
290 743 280507501
1718 137 898857275
417 1797 759247459
143 213 791215490
295 346 55993558
562 437 389168731
668 1193 702389725
30 1013 985950883
1271 1629 352370238
860 1201 626257470
904 1936 186707112
659 772 28581691
1153 1312 747965015
794 815 546477661
1271 1303 894273372
765 846 69447653
522 1846 239092583
400 599 965796918
441 635 675215305
1245 1803 68405205
108 475 504235803
1367 1961 860927123
1756 1370 717037846
1495 1550 378287993
277 1641 485705353
170 333 526146229
1324 463 547879693
674 1768 214154046
1057 813 680148990
164 1777 804038478
66 689 471282039
702 1215 352004616
916 1178 193721744
665 705 917305762
770 1953 243676708
434 1754 650323424
108 1304 144542160
603 397 101753196
682 1865 538645781
564 1439 265903211
418 202 720211865
995 1997 10860409
304 613 669226892
1819 445 564530348
1340 1235 253663716
628 767 728141805
1232 70 377271713
305 88 140516429
983 1820 418272936
1238 1140 269360192
1118 1469 308907545
323 989 818665728
295 1281 849859603
1864 392 940853145
586 1087 483686192
1 1194 742534135
154 768 811426838
1365 608 159614438
232 410 160556936
1528 1183 108585606
1376 1956 789520475
1860 422 554097557
1827 791 957814388
691 312 793909336
1109 1208 230069157
1576 38 19118660
672 1651 787312566
1114 960 795133936
380 1371 801147256
238 163 917039748
627 1303 420920444
21 1971 575130474
1779 963 356145428
246 326 509306314
72 738 811634747
5 1329 249021939
1701 183 654348697
931 27 672801570
565 575 566274166
924 242 234690434
196 330 62358592
305 841 857747988
1193 726 924430133
240 1035 424531955
770 1029 639443230
289 503 31522885
230 1861 259380318
38 1818 430648044
1006 1905 812794116
852 1220 337113880
1994 1185 435658441
1495 1229 242265054
1738 1614 111946942
96 360 953139454
88 923 467811349
183 295 209635942
140 642 742913050
1506 822 571522563
1908 1355 632898139
318 1061 686328390
847 1783 168289465
689 1918 611312723
1559 839 839537132
1411 312 192467092
146 987 868573789
1057 839 56661723
591 663 90988962
1103 171 862255013
1769 1855 841872106
665 565 16544507
36 1468 514813283
40 160 327272640
1498 1281 339528114
1034 881 917675824
184 1100 383484053
370 594 568842501
468 606 641866927
275 1180 888591620
236 403 437494044
1665 85 83626989
474 839 248597854
1117 1284 968426528
119 1507 414750690
322 1304 245059879
1925 67 638631367
205 1465 647986931
994 813 240998980
753 1997 140154607
1783 168 549531557
145 910 677511253
1842 1288 631567531
429 1011 336696279
1302 804 912847957
310 1277 794098769
1240 1737 287262348
446 1447 616437510
384 1763 835739845
626 779 72322497
1331 342 793566037
480 1797 356893256
601 1355 847949047
701 580 27707334
1481 1437 149382072
329 1854 315537253
66 1183 126759313
727 1129 381802133
1065 615 92550121
374 9 327796237
1489 951 412166796
434 237 107752716
86 861 627901193
142 1157 237676949
973 808 617235032
792 239 978774825
1944 301 404703423
1360 522 341213454
890 1368 517835172
526 1282 467350301
976 1704 461020219
1316 776 627364534
548 119 61996263
975 888 905191655
693 1712 382448898
555 586 935163035
1249 1475 730604480
718 886 914246142
674 854 443772662
1669 396 69476681
981 1976 321703182
1300 1092 716887228
1211 1519 895793058
854 247 833887861
1105 228 389504385
578 139 184662957
144 1610 898080776
579 1423 192901597
1218 1450 753896409
669 1104 322994586
63 1461 261945123
1766 1365 55463729
327 494 58399628
71 801 766020566
1903 291 685814454
650 1965 41374800
1485 1462 175754986
265 214 118155913
1812 1782 724416926
1987 1863 216338358
460 266 421443747
202 935 558435051
1261 919 823933391
214 1324 216940729
1302 1312 512419523
425 538 815421587
105 115 541929916
1992 1764 999058208
791 525 199452397
202 895 425839965
492 1728 15748151
1621 465 497757989
44 1448 776034703
426 1654 743008533
1510 1992 300742436
1091 380 398002139
815 1392 368935584
406 1938 251944887
145 204 800547356
1432 1067 224289220
114 112 754486840
278 1653 615218978
644 363 886396757
400 1039 764176116
310 1442 260171278
1778 1791 86719571
53 94 416849465
332 907 157323619
1820 63 711537551
1609 972 290809828
1151 1475 391718600
1057 1350 474280657
1796 1190 59011963
60 128 782983636
1842 1600 340261512
848 1358 871836656
450 580 233656810
140 383 183227099
893 1282 294847495
912 1874 342781469
88 433 593035235
1472 1141 86112378
40 1859 269937666
416 1038 100503875
674 1877 438679747
186 1840 545678202
317 1937 392507917
982 1122 236055566
1548 1951 533898419
516 537 947378702
241 1698 838095108
1178 1484 988229601
1585 713 698857198
1763 991 447452641
1270 1107 580443181
691 603 224636015
23 39 13948318
654 1337 414594899
1115 1193 452571559
119 225 855358254
352 590 405827549
300 1710 964219694
776 1788 569719935
110 569 25362742
650 673 296595906
31 490 860924558
93 416 408179430
1827 1272 805170126
1761 833 383028118
1671 1804 148395740
165 894 614969476
562 955 567124416
1281 38 562746637
1348 479 767322275
93 272 657155436
373 1606 942189386
322 1812 258037858
1400 1485 734260336
284 632 788146936
1734 283 397108889
305 1632 399347438
1579 611 326172174
705 200 549370675
1384 536 692898672
672 890 504207999
95 814 265181245
537 846 224966011
461 1896 298363389
526 577 14131602
1449 557 849186235
1679 410 420811785
54 1240 842789625
844 962 941931024
731 396 827221254
1324 654 226612349
1915 824 755944724
1018 1808 904825884
1767 1988 51766685
737 621 798389601
40 794 574792655
49 1794 895498706
25 120 538007225
205 566 146539433
1431 1760 884786671
676 1608 980776013
405 466 42771231
714 67 372522199
1907 1779 657783556
1483 1225 768656163
441 1385 315364710
97 967 364126261
953 1150 12090598
1263 598 281320567
1302 324 66065589
1825 422 513394425
217 1114 544854886
1329 716 908660146
1917 1254 389436121
1219 53 232783330
346 287 425816450
268 1661 483319956
4 13 809162565
132 1905 133924118
1908 334 352368586
803 825 685892047
645 723 479367362
916 1663 224404544
537 1380 945915850
39 1850 586713758
547 1203 628578696
1883 568 691548793
1247 1859 928026753
1795 333 614399478
1847 709 215423477
11 164 185672210
269 1729 812945225
1081 1132 155830025
385 945 171402117
1914 258 568965686
910 1565 880968727
1457 1917 30614058
1089 1398 253391305
367 1475 292283498
740 842 179778585
144 617 486271085
1132 1744 296120273
616 770 299906292
1379 674 311695615
1821 712 242613046
1529 804 977137646
577 1380 513812230
1824 1386 375560804
813 471 536846680
605 274 220869184
1514 1416 127243030
1618 1903 986154204
1010 1095 120277692
1671 1006 192571645
1696 1349 566183295
215 589 120517342
396 946 213635590
4 482 448005414
56 385 181193352
1519 283 374911967
1620 1808 813549977
1956 1968 932431677
877 1245 487583590
168 669 882913585
763 497 222309114
1872 1368 403143401
1818 1943 556123158
1109 399 629532233
1393 475 86755836
1036 1219 191497445
1363 44 799224611
215 506 255371696
1154 522 382639660
238 305 372176159
221 1355 167704988
48 1630 333013138
1372 1658 712389935
1759 1901 271899618
1608 511 976636613
1137 1438 952382238
1579 105 262021088
751 1840 438913951
461 1858 395543027
534 1336 427041727
1001 1009 45697461
340 1094 653014971
349 367 853767841
866 1327 581685643
1185 314 686750503
328 1022 462316473
703 517 266286100
231 309 939797783
1637 383 800245601
282 1224 201898610
1446 1654 457677282
1189 1323 11692687
70 173 149465102
242 1694 180607175
271 936 938354842
1189 840 261704361
1423 29 54138344
222 435 188499477
447 1077 959801509
736 683 792921203
449 637 943652011
604 743 485606130
1724 88 148553307
49 90 800169792
1884 1573 454388166
1345 53 918248247
432 1075 134497504
1280 1753 692705031
1689 1948 279625551
678 694 635696942
387 1427 551279974
307 1040 633978151
100 137 305876741
1964 376 708412635
1884 583 986658093
328 770 210206291
1700 1244 948055757
1168 1908 677272711
1674 882 742851342
840 1307 318228795
210 1683 88620526
1006 636 843363968
308 136 285365178
179 371 210268533
1841 1666 361051638
1131 876 572197710
427 671 215734815
1826 1023 369337763
1278 1324 895423807
1255 1697 91940790
859 836 903095794
120 601 527203489
45 630 177443250
883 1039 898766662
955 1903 472527441
770 1764 608950357
841 1411 761642254
1844 1293 480482250
223 1845 927499621
1233 833 752286737
1417 1561 623311764
1636 926 173574194
1282 1404 285613950
273 407 723404038
952 1184 943775906
243 779 355596057
203 661 998272572
1925 1715 784570766
1597 849 858531813
634 950 418810517
87 1053 150811249
1109 692 875308022
13 872 561572147
248 1165 432200020
1442 1639 901730157
1407 1470 7141382
31 38 386741029
1120 512 303637450
1067 234 288657217
650 791 851946731
1539 1314 731680423
1000 1454 600898952
1576 1276 874587234
669 1213 1771804
217 1555 55647375
44 1786 472212249
873 1919 499892292
1930 1972 888676928
134 856 315755508
121 682 762720787
302 345 981936212
581 1412 793128731
289 801 288786926
1161 1535 432913991
1394 1900 650316303
1226 531 906558215
1108 1744 499063202
680 1576 315568756
281 168 453773291
58 877 340426356
1705 289 997979808
1622 1878 755035150
272 1619 977456361
94 749 189556188
291 650 672218726
99 1775 783317598
26 420 824668013
631 938 853233031
1000 1546 81040718
1152 373 657308494
1039 277 437083215
116 866 211283786
287 1276 3621855
586 1792 823676089
1305 771 341750424
1300 77 555960531
168 1549 159812039
311 1618 151449064
97 136 702363056
1277 1377 690832907
575 1684 899078620
1631 682 654159673
298 386 430275627
1253 1353 462048594
178 1773 49782574
1143 1214 333013364
159 607 595449868
770 911 534637988
153 395 444219790
420 1367 809786442
244 376 859646478
1797 1239 59994470
1972 1539 176395110
1247 129 870778602
196 1958 565604589
14 47 108388469
1401 1892 599691338
550 599 589119219
1256 1846 87066715
714 1397 803845373
1004 1247 351124587
1763 847 277882156
1656 153 300159027
577 1309 42794628
473 392 886155950
284 327 398781042
7 20 813226736
40 64 788189962
23 75 140922078
235 446 813850795
1833 1941 759569
1577 672 449869671
156 1542 272802782
1451 1765 802311816
508 532 100384966
565 1623 284800666
644 1572 898461162
557 1094 24686917
872 1328 940036727
407 1979 319222592
480 550 130040446
771 78 944270575
117 1341 747322353
620 613 428535276
55 97 215691404
641 1588 710742511
1216 1577 132680503
1567 1482 552599144
625 899 529998221
856 1570 323481417
488 1813 206052501
1787 1462 380906290
952 976 435383002
1959 600 581822131
528 893 897593068
1038 1432 53045640
1203 1886 258143659
1995 1163 663855275
1183 1346 886766320
464 1058 458321085
1574 1371 322984931
1540 227 130815663
278 1367 274749346
1559 825 568234335
687 980 333736669
120 1599 507786659
278 1106 736989004
128 351 151499834
621 161 669640836
125 164 252308289
676 1529 377040595
1744 471 664100026
375 1286 397239708
4 1251 790887483
1307 494 433691856
509 1740 785310847
1027 1790 650709623
669 949 35505250
1119 1671 804875901
314 522 6453396
1452 1420 675432069
1190 378 254139417
1616 1581 525299524
572 1341 244133837
93 474 696482333
1512 1525 964943993
674 187 159379419
156 1860 217658773
1881 1080 371277386
405 650 618891809
4 5 710177182
571 900 366100539
191 1306 688455339
1264 1799 918882406
1744 1610 903844951
657 1036 360479810
1874 423 447981191
28 35 927661718
1136 17 277732921
1595 1578 559735950
394 790 356144554
215 737 252142264
145 193 866234623
1683 379 280691015
600 1864 350596964
18 42 873789178
485 1370 221465156
155 280 672083600
498 893 534885897
1588 1060 500073351
89 1728 531466228
350 1205 700908652
942 1568 665439921
38 615 513555717
1093 1519 493393589
1937 1993 913456003
135 578 895496146
36 1387 897064263
1612 503 576930482
1952 1515 803783447
851 319 665781929
1003 71 608851786
1133 1104 99941611
172 873 229064740
1866 269 758447675
1953 275 963421706
872 1419 877587782
1947 793 784005941
964 774 325901555
1873 504 746890731
1580 420 706710741
590 1691 804629069
782 1633 404904581
100 474 585035942
637 798 495133135
588 199 371300971
16 1498 635206397
1608 1869 860789543
1429 1189 517785799
1730 1995 838062765
223 1118 426515602
125 131 709720608
1148 1076 601266196
1658 1590 762427405
686 1951 767020051
1860 999 390870923
803 399 807989127
1608 1916 84028133
748 576 641339188
370 1855 790185269
566 1381 440823132
287 1725 35840260
1521 912 478039298
1502 1061 693536646
1820 784 938287258
796 1501 325907233
1641 1275 175231904
1025 478 984740156
260 684 50037629
356 110 707782257
14 25 826144534
416 447 235112813
1841 1953 96686745
1258 984 292640282
343 1781 377644852
543 1499 321672286
580 57 592453398
533 742 797078700
1758 1571 860408832
1483 1674 478218818
1285 1620 592356905
1830 1156 355370862
248 249 368526024
1013 91 366446457
1423 1675 764092398
331 473 492516052
1619 47 478671771
35 1001 851345959
295 706 707820357
135 1618 264697252
1380 185 31843468
669 1945 601906915
1536 1083 300216683
92 699 406140111
719 958 608468427
91 384 323277188
946 947 31748013
1854 1245 727635507
1522 1294 628505755
844 1911 611486215
835 1720 838542096
1432 1616 325236958
22 26 342524214
4 7 154829143
1284 777 899858870
409 629 381793900
1972 1050 724984250
1505 1994 819012171
419 1536 849078995
93 1055 546737523
156 382 470231672
587 214 567413635
96 1800 759527266
615 1978 671792831
1812 685 53732557
43 711 542849089
1752 700 997942961
203 1027 728392776
802 1537 4176100
760 343 568430562
1394 1855 308665564
1960 1533 193724570
463 250 496875903
663 1847 799157507
1064 1182 190043559
1152 1934 882692660
112 439 164410366
701 1299 781956336
1348 1625 433949530
158 675 433199626
500 342 408739522
1728 1880 923920977
1053 1226 915229422
1667 852 559051086
647 630 160031725
34 113 243026722
230 139 616900259
314 574 350852507
211 829 644455156
237 680 553017928
663 1221 145386687
845 1161 844939252
1505 1794 519202686
1810 1411 903125185
396 1153 642956830
567 1685 976737784
171 267 956731716
1248 1218 652907948
806 295 752750450
1929 1502 213047256
419 1590 323743828
984 54 430084430
300 344 283884812
118 1906 365177548
1495 1597 852727030
47 101 541058389
37 1173 865119246
791 892 411561431
827 1235 130183002
417 1441 902231166
1688 262 434503929
996 1859 21821664
380 1864 897811013
476 290 589284608
732 1914 570649745
874 1964 493806530
354 1677 445622259
1582 128 506219946
1873 314 509661699
491 1340 899971796
1630 1562 446957657
1472 388 207572906
1803 1953 527040134
1130 195 266772033
438 643 257030503
239 1422 612650948
1513 1800 369307234
183 240 5669834
1740 1090 420689718
1943 1755 240107213
1007 350 618357095
44 275 253470995
1402 1824 758212887
1539 664 198594020
24 22 696081673
761 1562 738876342
1449 1625 299740745
1952 499 560871024
887 1679 220996220
150 51 694457905
652 1914 504942650
51 84 739307908
1053 1624 523474347
831 1342 299948814
1910 98 7053197
717 1382 776783938
1352 1834 960053271
641 349 549910398
490 938 303310119
1224 492 911256321
505 1984 332396142
407 1631 820217528
684 757 365539709
1750 1255 167587028
162 1745 510009600
428 628 17170113
904 1992 312821755
928 671 30715175
68 1725 608404209
809 641 935307708
1424 336 698050691
1984 93 558841621
896 414 541032649
1120 1312 897766559
61 1662 985857675
627 554 628402226
226 387 762967437
1931 1049 427298771
248 1832 535294198
617 1910 166248334
729 902 53428880
500 836 112138895
417 1938 59673591
1048 321 436671574
588 795 585568498
266 1438 510527249
1985 450 444444780
681 583 463237741
578 848 904982543
1624 782 869860417
1915 934 447091994
105 185 258899679
1217 1885 361201625
210 1182 916382667
1592 934 182079194
1390 211 347329466
477 1095 399396876
40 1709 851390269
168 226 938219260
457 1386 820811425
1501 1841 308934127
269 277 496904729
1628 491 369601975
1143 1251 980659077
1441 1638 37987915
1212 1280 473190570
1674 267 198533338
343 171 637912003
189 261 842021283
1191 1534 610880159
62 670 938350239
487 1088 236041420
1475 988 849912242
1717 964 634795565
1082 925 467263146
1402 1942 527593382
525 706 962289679
371 976 198524956
1446 965 246187375
1419 683 223876402
129 1773 520927760
533 293 236322269
721 1701 608055589
267 1186 407699167
466 1530 653501928
1615 783 171763873
330 1350 46801223
1183 1849 620347313
1467 577 163077341
1479 1985 861065920
1343 1202 589023545
1337 1186 263952545
1313 985 905931476
373 589 586782647
603 1732 317905955
1221 1851 387105528
716 1142 932815472
1028 1777 691004406
664 803 326045251
906 1313 819330554
738 1670 429690299
1141 1660 673748884
789 851 154953899
1462 1809 490004875
23 670 82308923
497 1399 555381314
670 1239 267323874
1543 1051 443038454
280 43 727876577
431 1511 14109796
5 880 844439088
298 38 99995584
400 424 904005221
920 187 86358782
915 128 878024319
970 1790 288065191
1337 1940 850534121
1182 1805 745262613
699 1505 160367603
401 1538 417069770
1413 268 162947175
179 976 408536590
1355 592 22639246
925 711 868372351
532 853 150792262
1775 327 695701974
1779 406 159953212
845 1894 842042959
517 800 449507655
1798 1214 736055166
1804 1474 921495374
387 183 609344598
1583 1616 3417577
1149 1931 790405668
31 263 911398068
176 251 491064833
1543 852 618873013
1327 1518 122391976
287 549 56121932
1340 701 724968429
1181 708 81501305
220 627 530364381
1893 144 633333484
659 414 354257516
214 1463 372896370
252 1027 286752809
988 1986 11361921
971 1029 959017704
646 912 384967587
1912 1516 23988507
1911 1360 716015970
953 1973 925893755
405 1194 640009877
1438 134 29684474
587 400 149862288
1093 1737 58038759
1198 1020 384026921
732 1860 143276514
1897 310 822395658
36 1964 715127111
1546 796 669197941
362 465 924220354
228 1896 982809996
7 1707 659670806
876 165 31097357
224 491 535682235
1647 1096 774029358
1828 279 588940317
518 11 636258618
115 659 55283140
524 1923 7319703
1003 1183 687845419
1252 1050 507096871
969 552 183325155
1739 111 347902922
164 1564 133118636
377 1696 638709564
1770 1827 470159565
149 1803 111615216
386 1331 74660760
1082 1147 58039799
1227 1815 544107205
456 611 8037503
432 423 890394507
1208 1891 538843614
152 161 282245265
204 1547 286361991
799 68 501970859
814 461 681377732
984 1612 553788778
1819 535 704969215
175 1869 758974179
371 773 423977358
1144 382 399941759
508 918 460491644
561 791 108730680
326 870 845243479
1767 1376 120194140
1234 899 717794837
1161 1073 902051203
395 1255 367324216
1618 1938 760827068
844 232 965222218
210 1844 691249032
127 1076 824584063
872 312 936444015
1621 1345 920371961
1697 1985 390761512
1517 1555 166536956
1926 1894 449776245
594 1 250744075
775 1730 871411612
76 437 775544792
353 1988 43065216
962 24 265921622
1933 883 853213497
293 387 654853736
1836 508 890458205
1564 1695 3204126
1705 7 727584977
367 616 432140355
605 1875 298023536
1783 649 608904692
502 1800 123643757
698 1600 985819550
1665 1339 275948715
953 1040 613906416
46 566 331966617
1294 1297 537121570
237 901 563117873
1364 895 808749381
100 992 824872242
1866 1533 920831869
379 995 796403106
932 1870 402716898
10 423 774704564
1599 489 578066996
1342 1383 319460920
305 363 665083482
1548 1053 243609672
1364 1312 127337087
1108 1504 400496962
658 204 189387397
10 14 854736057
198 965 881656661
308 1620 386535349
474 982 42318388
234 239 880970530
85 1818 884238830
1118 510 709314897
378 952 600542496
919 1503 614218626
459 1587 23917333
256 584 199264438
579 1545 927298707
211 651 166529989
1986 1259 221667433
330 454 888043220
1860 1937 334299036
303 998 223382781
151 279 906330687
1914 1131 420734714
1242 1922 985930990
1536 694 985862289
389 1917 640332235
1826 998 450916345
1579 1288 333244326
1304 937 378340480
637 1563 634170197
458 486 87842065
907 1219 311413827
1937 1535 649268836
322 645 825632430
802 1057 952351329
1646 1843 821369317
378 1849 377976343
378 1395 824792931
1051 1939 333801195
1760 1599 393891198
1456 1978 597965809
1622 1621 72801564
1654 1768 148633750
1460 799 349033676
436 678 610456300
1079 1251 803170557
358 1181 554943114
476 523 582187676
1920 1437 751835357
1772 648 153712122
660 796 143100280
398 1342 433556217
1789 722 18038804
83 1261 816666570
1365 1070 171970241
1623 1462 100884881
106 1721 880776511
269 581 499814723
876 424 701343629
1876 1467 208568565
1749 982 246505500
211 999 41854436
1 219 665927828
1248 1039 783124475
1928 1085 34422026
192 776 527742204
712 427 460664792
1033 1443 290289080
1230 997 797351200
690 1982 748616947
1475 1954 309963779
1796 1140 74437171
1251 1901 983649242
1624 611 597887493
1388 244 426909055
26 1918 596262968
1192 1493 755434719
1242 1328 596694735
558 775 91803721
1886 1333 137958461
1721 1474 223180612
1358 1200 169897606
723 631 496718777
591 1228 138134852
916 1260 284506946
179 805 874033381
35 54 631614393
1790 1835 448520297
752 1428 857032870
2 6 106543095
861 1251 717813775
509 1401 965131777
453 1974 340113011
472 851 23112667
380 212 951365061
174 1406 42318377
885 1057 393466552
1437 1547 302344960
1944 732 900886344
111 157 913080979
885 468 725778489
1235 662 739315812
442 489 95430575
717 155 299152299
1143 1814 748485685
1052 1490 61371825
279 1619 994797693
1238 1361 730405058
1976 1932 395343701
251 340 10730636
1230 52 868345082
720 1514 593037118
5 697 260554058
1468 496 250944776
53 1405 680840953
214 1566 802561899
255 1959 923679250
982 1812 895545831
464 236 875702150
1413 380 816788221
1909 452 95686229
500 623 917958692
986 870 707674446
254 1602 350635760
18 790 324130189
1122 1811 309062421
941 1520 790152869
1427 1215 174413707
1408 74 317000807
269 328 736886754
571 3 756155668
1239 736 651653479
502 504 743213067
90 1895 544970208
1539 882 871749215
467 1428 561364149
369 1148 676244372
1372 1739 579402659
251 334 737468
642 847 72561303
898 1268 917270642
353 584 361076576
1562 1851 598107415
1594 1103 348607775
1337 1596 961996522
202 850 655799778
1698 939 953812872
1258 680 968452930
261 282 779156625
1 450 104347097
1839 1461 669512931
218 723 65026240
35 1054 166484941
1304 1872 617980038
1695 1625 400774525
1731 1777 627056481
1406 1625 881713600
1349 446 95366237
1357 1045 694458494
1802 177 705572235
1539 915 961667604
1294 295 8526033
1496 1012 326275804
1189 1679 453446868
1435 1863 249977644
484 1532 682603810
917 1236 472720216
1958 1562 773462468
1603 218 443713883
1598 1216 549555510
5 226 341975188
1431 1688 167296791
198 217 973976107
1564 565 219280967
962 1750 168100601
891 515 900749250
1830 569 508234717
804 300 351313522
517 746 158429976
1530 1814 64668995
1431 1721 303488767
1400 1616 32210313
728 1917 217531943
1201 1511 700429057
345 678 838886765
130 488 884960900
1058 453 84289163
1497 1657 978214585
21 1358 342600982
1365 13 880564477
288 509 916968069
1021 1979 549745403
1932 457 129245969
1221 875 731226583
1143 297 608949112
238 857 264422531
233 1276 910109096
163 769 161083614
1113 1915 825012053
1156 457 429751816
774 251 432189567
1015 1324 273860727
1657 1584 49003713
92 362 887489447
1016 1102 97616110
1219 693 624445891
199 918 655130693
1740 460 563040062
1692 245 506596254
587 477 730207275
777 666 812226069
1092 175 58512255
871 739 496085151
111 1483 658723969
157 1301 485787989
723 148 867794619
1264 1453 454831682
790 1843 342541400
234 1440 109576463
230 472 879542677
389 1406 528007327
1769 782 597906910
1369 605 32763124
962 751 502201211
1327 1878 138864885
209 1990 971337312
1352 1916 139297455
1020 81 38260078
670 302 279756900
1535 1464 891242355
1769 72 734043412
457 1122 734911610
131 1195 189520390
992 1827 890995778
5 1878 366340748
306 316 412177030
1901 509 124894179
986 820 528777819
214 1245 373857961
512 904 791595797
680 1628 431115549
1733 332 16585015
269 596 59408694
1610 1935 56266812
1625 1823 773591907
193 563 94279678
388 84 687707607
571 1695 105331453
954 1515 379330555
1849 616 408445847
1419 1959 521712799
717 179 304987660
1346 144 792959162
1685 462 117580998
875 104 327949077
1120 1278 873650685
1309 704 93941134
914 436 989656012
368 466 349068954
741 1371 425343531
532 883 970407124
1300 1881 981394257
776 1593 972742698
1170 535 147940071
288 263 111536696
250 358 426906551
977 1234 698699522
262 1334 156102959
755 1760 540283616
1026 164 686699158
672 894 916907558
1236 1667 630031209
730 1044 37255836
1181 190 502274403
1715 657 232706650
1082 1027 238560023
166 501 827953326
1638 1981 608697966
486 130 657718238
825 1251 42429706
1641 1962 312740087
922 664 869305713
237 403 265181967
83 362 588953901
1979 485 117358713
999 1672 93912535
544 1090 561177318
1152 499 585538204
567 1763 50399891
939 1194 966302278
112 789 477450618
303 1447 524481615
1994 358 227048741
1573 1959 487205192
757 983 461113205
327 443 355192455
386 1071 604129419
1269 1119 529487272
61 869 917889609
384 190 962916993
420 1482 486450587
1086 1511 994676544
1788 1792 685920479
1937 909 560550734
1452 1487 545700660
1414 75 247954368
1119 1423 455301632
1259 1275 257601298
604 983 393894751
741 35 502981707
32 726 494158581
141 459 654037940
1064 1415 967002862
708 554 316935081
694 882 500455626
941 1383 553077744
863 988 549466785
1671 228 280819963
436 1223 820806360
715 924 608827607
297 1983 879208725
1316 716 977772093
1839 1700 336389026
247 602 400378753
465 1851 346648389
1940 1500 587960094
204 710 848624920
936 231 802948440
187 278 960479031
1082 1481 588661723
1764 898 208716741
477 1956 265837003
1200 1220 623266197
248 1465 601379090
1799 1578 527115459
88 366 150401087
178 1077 666995827
499 1874 407331262
8 228 552078904
419 1963 819802150
504 394 793234519
394 613 898022922
631 993 695079260
1101 1846 21736471
441 662 508409667
194 719 125749767
1320 560 131667252
1212 1952 876880423
229 1573 406208952
961 1007 134533095
1097 1922 586414385
1502 1905 813050812
1058 268 779854649
1712 785 49714939
807 1030 463401412
371 1334 886751482
888 930 681314853
764 1301 889730885
1690 682 564318206
458 309 690366252
10 827 614863867
64 1099 234859768
492 50 86729907
429 980 452653108
1362 1813 780046808
1679 893 703381358
1991 286 180111318
1948 1720 533022595
1233 1414 312181130
314 458 992484471
463 1304 637128927
182 275 466212956
859 1078 976237806
469 1250 815105953
1698 158 622372197
477 111 407062556
1991 1732 619520812
191 268 836859853
11 98 976419356
1160 1842 613700955
210 1855 853942423
1492 164 522512385
20 1706 195664181
1129 192 340809369
25 1181 515520959
808 1698 675546676
1170 1919 669388732
1319 496 265688918
270 1338 58233333
1200 1993 602130595
137 257 550797342
63 1220 522363630
217 1080 323876104
1943 1207 423577923
1874 166 353320932
432 244 623642552
505 795 482565263
1752 1270 496687553
784 225 529977242
241 864 81748923
46 1411 786989404
1207 679 994708492
1403 493 284029333
682 753 973258820
721 1030 371599250
1460 779 686653881
111 322 966462741
1033 95 705054303
255 1265 507464863
183 384 560762535
1799 989 720366013
1096 1581 610771964
9 122 604962369
1710 1023 442760165
1076 17 840627632
284 1505 445453491
1258 1556 674700871
830 1979 175078750
1878 1636 393531982
10 1 523141452
1240 1433 500645024
439 1836 371156853
1012 1242 522116795
36 401 474851860
1168 78 902586229
949 827 883650020
25 1526 585701684
1604 630 734592337
552 216 835844617
1973 825 428041442
1725 1953 456509598
204 262 729303863
829 915 891002691
1707 341 180509297
1637 824 188883422
1232 1589 908350161
1221 910 179555081
486 1402 706897482
1723 1296 286949712
790 900 978266917
1507 702 73044056
856 1979 471653270
170 1689 507014104
1718 1555 839558306
908 1980 360347187
631 942 196581753
1016 1761 785564435
844 852 383910757
1286 1015 385324038
287 1406 967363224
69 131 940393056
1244 359 127535856
1343 1217 863783147
903 1049 473990848
1087 1556 914428774
772 204 361987774
1057 710 927709057
607 1640 715530836
941 420 765711785
1427 1640 705552090
1788 1268 476720816
491 8 43201584
1531 1352 621200434
455 783 477360838
575 195 740930923
1206 1613 242435689
554 1134 374827059
1751 1145 93182328
1840 1734 33494765
1877 507 57932002
418 761 763126651
1084 1814 945531101
1176 1610 304927115
1199 1635 510594378
469 1053 373460005
217 243 522426125
102 605 726790555
425 77 184609890
1864 1502 320879542
876 1311 525420378
1135 1108 147915415
1243 505 544099792
1162 150 973340094
1907 113 446849516
1305 546 823993078
1 344 307499128
38 60 354751539
197 906 710013599
833 1897 74040556
1826 1584 569798189
829 1120 258824507
49 875 144420823
1900 426 857631918
32 943 553596067
630 1037 458882576
1340 1761 429624038
1655 1470 388917456
306 709 907200865
182 1008 724042481
738 1268 20366770
558 1915 443014729
28 126 13237915
549 1032 82685803
1214 1970 62074761
351 711 760739164
1273 1445 419507048
609 69 25988121
829 265 268110579
1526 1466 519238449
1344 540 214662092
244 913 29474804
2000 1367 889390795
1143 1338 773443902
1300 412 437728959
1176 97 5322305
509 232 856438773
1309 80 413055517
892 1993 58917547
160 213 6218997
950 1866 867664769
387 1576 390202187
725 1989 838490310
668 1536 400937976
449 1473 127327286
1992 848 921913112
1784 1171 496562168
1231 1854 901838087
350 999 747524820
287 1976 530719743
195 45 129587662
73 214 237758737
1439 1626 303346755
38 57 513734775
69 725 557727581
414 1310 923922344
953 1125 660896307
141 954 490385736
1896 736 955178874
179 301 697788296
331 1165 965800085
479 365 731966561
76 237 1317805
61 853 9626852
533 744 158174906
653 566 289531185
1242 1424 659283851
12 1601 771096145
1593 1945 987464056
305 710 562424721
1051 1961 154417656
173 899 61393850
837 798 203335813
2 207 774677946
1541 199 855594815
588 1711 786303862
1855 1886 189358563
21 1217 57327161
89 1956 230475400
350 1803 20643954
1729 1285 118646343
1524 1725 301065519
462 1818 523142741
1187 929 389809042
1351 739 31826588
1320 489 914512132
629 1886 296726821
1095 1032 390140618
1204 344 907062575
289 1067 483116003
349 1606 787644157
1360 152 590531579
1880 757 732454148
371 776 999501432
89 1322 113483387
974 1888 205786122
938 820 144276470
818 1025 951271734
663 960 959488641
1273 240 564783044
522 1446 433989045
1977 181 299501876
1628 1702 400245518
1785 1241 475108673
422 1405 907112111
111 669 683239167
459 439 468796095
934 1125 744691973
534 772 840878515
272 519 86640337
1641 1362 760781107
522 863 199135946
72 805 661245072
80 516 40300155
637 179 782374911
1472 84 185638493
854 1018 770978474
869 965 275838987
310 236 107605667
517 1586 95211467
37 1504 514650635
1065 206 151416950
1303 851 879755063
1548 811 458684800
913 50 989397936
800 449 428111959
1040 1243 959120530
111 1522 839606515
1797 1325 470640090
1495 147 329168128
845 1942 457637148
918 1665 742240057
1073 914 10410624
1988 489 840041076
209 1504 296136294
831 703 123822582
1465 1930 928102026
1520 1453 881154406
1650 1040 801483215
1196 762 175554784
421 1367 912308193
26 1015 434624235
1593 1526 418413736
1183 1956 322174171
778 1404 840227561
1823 641 444429481
1335 219 688679466
315 1650 57560331
1488 1602 188061344
573 1087 835308362
1087 1383 259979377
1465 1189 654562721
1657 585 980737154
204 13 712846745
819 1922 816272056
802 1832 182780967
1736 235 195007049
779 85 757037188
22 1880 610215745
1989 1843 461722501
1006 828 856546096
1178 1175 314875588
1249 1589 65081182
314 1373 540223565
1626 1303 847789696
998 1343 638909995
866 1485 285666594
959 1070 290353060
1640 15 465629308
311 1739 892630239
1345 298 22899062
344 639 627081539
287 364 805543323
1051 1226 418402746
416 1725 746642640
1204 412 520731154
29 1392 710080950
157 1343 462308403
514 1853 213112380
367 748 370400306
143 265 9345424
1798 395 365981120
1817 297 25159693
878 884 952452143
1091 1733 115011007
616 905 960096793
1141 1058 902789044
433 699 913237470
52 139 371001601
751 895 320971904
707 1818 976566278
1890 82 921962444
774 556 957822776
837 1047 560350653
949 1739 498431723
1029 106 358353519
1576 1312 524104253
541 453 609649778
529 611 855360414
221 1757 236656024
897 1874 667417330
1703 1896 514442923
240 297 73543941
1234 869 877726706
1139 1214 937166432
99 818 549441760
248 1048 335874161
111 1723 394047476
173 248 148524462
1294 1252 121678463
449 1018 334889742
1865 518 972175534
1970 639 825977560
491 1717 914232875
1357 1841 223788690
156 284 135746333
474 666 784195184
877 987 883297073
1825 543 870361967
674 998 235364424
24 246 248116596
171 528 873865620
220 1978 951692094
286 266 475587449
516 1175 455272142
1311 273 312075615
786 1563 47395284
1959 487 408338864
868 612 79295694
507 688 417895015
138 917 190426772
1629 572 820679543
811 1120 792320329
1026 1186 150576944
1531 1779 142258343
882 1671 996094460
1326 1321 808590545
1540 1294 506168325
80 148 442756862
1608 148 148294311
49 168 66327696
492 1718 339087193
1673 315 899584073
1654 1014 823525820
1175 555 504588665
89 700 303551142
1672 159 562377426
326 1498 717361230
105 918 833862965
493 30 734126750
1585 1756 457137976
901 1042 471240254
513 1260 98641184
1180 938 546896611
117 143 299406399
1547 689 71058428
1058 1762 997300382
1473 283 894953448
1010 795 661571756
1166 913 237669460
1791 1032 873111238
751 1179 312529420
812 1380 20895799
633 1431 223252911
440 1176 451006993
452 1521 295386554
1878 698 534832097
222 1753 374683271
1976 758 191958150
1203 1501 650888789
4 28 872747558
775 1874 49109595
745 1071 800773673
1814 1977 306173884
933 1447 127988780
518 1566 874170941
308 1357 936024247
1103 240 728350155
1981 1880 745543793
274 1954 451634098
219 650 518213121
831 796 379963857
1992 1458 470294012
356 474 454711193
1773 590 5031640
1511 241 65136175
143 1100 361533307
657 124 168097104
1002 1734 814008486
1834 1938 924366601
19 655 876858005
1153 1305 269210531
1279 1355 307458003
112 133 824534512
1544 1498 640878550
1370 1147 926259357
1890 1116 950689121
207 470 170458871
1861 516 520764429
640 165 912084879
742 1313 293675009
291 796 277903283
1134 1381 896871541
609 1362 263116933
1943 340 275427755
580 1566 301897807
1696 1627 286882883
300 422 983060043
1078 1361 251597387
86 1465 284036129
790 696 963352474
160 387 737968272
1617 204 574480154
329 1685 714170403
228 750 737645662
1139 1702 494381185
658 922 94660742
1772 1165 261584891
514 486 876835999
882 1212 474807279
1906 1160 435622066
245 1706 901881365
1736 1977 143955160
1403 831 364481649
740 1753 590644580
108 381 257461538
1209 1192 900223818
1514 1977 928338462
125 203 436193641
319 334 333689236
73 191 962135517
915 1215 403115024
915 209 906264685
1976 1775 939231369
1675 493 733484114
587 1304 136046605
516 1250 233885455
1107 425 733198980
334 725 314472167
73 421 348957680
1094 646 385794077
7 212 611119507
679 899 380995197
403 882 112893218
773 1101 655860677
1402 1867 379101831
523 563 708646033
1370 1009 166525083
1094 1356 747287447
416 1522 450713065
1208 240 948743468
85 1579 186220371
469 618 730426228
1858 475 740518331
1480 1741 701074184
733 1490 645663397
508 658 816638691
1196 1181 218888515
1116 1346 322703776
1344 65 577558807
136 1414 312115013
1988 1497 887389161
230 480 55838604
759 1752 725262443
690 198 45703514
625 1165 885408509
1528 1693 417761037
600 704 518545395
1160 81 545253150
1464 642 558864094
1263 40 692895086
1402 1836 326841470
1308 1080 514252765
1643 1772 961958272
1839 1201 268214365
1195 650 657372952
1296 365 574768657
998 1265 607941469
746 1668 465265287
338 1795 849322301
266 1339 242142687
1292 1162 915340342
1504 405 953865402
1524 503 69407563
472 1150 918646525
25 48 75687802
151 250 304310499
63 980 863584973
111 721 428991246
1206 1883 907049314
360 527 504743774
501 593 415619116
351 715 94944564
67 86 182460720
1484 862 188959127
1786 926 583186155
1210 1319 541027996
597 1720 761941020
60 1803 108549048
600 849 92836562
467 961 650801860
1764 1271 938768897
789 132 747199595
869 1496 36134831
1536 290 732265124
117 705 127548045
1262 1301 277659955
797 1273 993164191
1171 134 605254710
64 1014 465938134
1887 659 364106331
996 696 871645716
359 1613 850394163
941 1601 862680771
1791 895 333872979
133 174 615079678
1795 507 510599189
1541 164 475718862
68 734 112448735
1504 963 591752703
1541 817 369627152
408 1458 920908450
1474 381 267706969
280 1817 138522402
843 1651 330743749
1897 1881 615434880
691 749 704569365
1511 1881 644145919
1353 205 894475941
256 361 936094478
900 1451 32925939
1327 1132 350896133
161 993 883800064
608 1514 397544431
1138 1256 193893660
464 547 62872114
1057 1566 175959436
1739 1853 531243255
136 979 542566647
1157 1583 660223898
1159 1696 741595930
508 466 351814018
838 12 970268329
895 769 291204853
1053 1586 718462439
31 141 280553214
883 1158 303329192
474 758 688080967
1172 1747 338229843
1009 1279 687672215
943 118 828651534
312 655 455221434
1202 1291 448888540
751 1323 175221021
1006 1760 973327932
1356 107 649050250
178 193 62528995
616 1033 949352223
158 446 903983995
17 608 305239626
1797 271 528182281
1613 1076 865785898
510 701 256049734
564 1119 693909093
1521 1694 921906165
1699 957 322549131
945 780 973579801
1501 1253 515035977
739 831 945187118
742 96 564793009
1652 1625 37620777
827 81 816854113
1745 1773 103952228
1707 1630 636042603
510 787 12763339
133 775 938590346
1729 358 82337212
1182 857 17316341
995 1982 345345571
940 1760 590759470
1851 1977 195690751
1959 248 961014225
1036 1875 325637148
1754 1576 505358960
1846 67 606610132
1830 737 686431202
645 1381 294030532
629 261 805645012
1032 1533 551327399
1966 1760 801226898
534 975 604985570
545 1054 957009830
6 85 116165085
82 491 682876569
1710 1330 872797679
11 466 577567310
13 96 654107261
1630 617 552889606
1079 1848 794386065
1251 245 752285303
153 1253 799254341
535 897 702526197
779 1806 985444573
1766 863 115949562
250 798 917809552
1657 331 217106792
785 812 870318744
1707 1744 462648751
328 1222 299872851
1198 1644 145591058
1160 781 245840088
550 1487 742916194
240 792 626933295
142 1315 598108758
1234 1742 310162810
1756 1471 620128706
553 655 375050186
595 1383 467982704
1104 1163 534656778
198 689 683031547
1386 1813 155885437
576 1202 240273126
66 439 387421179
1326 327 28190306
1478 6 976172700
431 988 94265921
364 1132 412747527
642 1442 539011418
67 72 528336722
1766 751 272708711
975 1412 72929919
1047 1964 44839025
403 1686 628620112
137 264 543480392
1413 1515 484267776
1407 209 162656435
1059 1542 220507867
388 203 678746915
670 250 329135433
278 320 962264556
1675 973 768793585
414 571 972520062
102 1174 424632483
631 676 713062319
130 417 165540917
1318 217 372463225
451 1006 702650946
1892 1488 714722009
300 1882 934313730
1095 1639 788524204
1533 593 76308256
1401 650 707062298
1711 163 321118402
28 83 154158331
302 1069 648118280
241 1766 363287859
56 227 484369860
672 874 814743512
380 526 332955248
1646 333 298133007
1553 508 507331199
1298 1795 922594047
262 544 697394113
352 577 443906434
553 1859 65116672
632 721 316445473
591 778 302223946
721 1278 548615388
75 121 259560283
1340 882 849955245
339 358 319658369
13 731 942978472
249 1807 887953785
944 1869 535908391
151 1848 97713251
960 1703 865832017
171 831 532201070
1368 1156 646689821
1909 484 112244534
275 780 157981384
1967 512 401917543
677 1066 915561096
549 558 978043875
103 106 671930367
706 1963 605312502
559 621 975164437
1973 596 493459192
1743 1359 575469104
1982 1304 133995236
1143 286 541859489
201 535 409341403
82 1460 117826296
1615 1473 893653095
599 1233 492897226
1945 1685 361658183
1257 1956 550331866
911 335 931074242
1529 1532 534169998
649 132 109199342
470 1306 214041976
1346 810 171946173
633 105 573879793
802 1563 985422545
1035 967 146746575
283 1928 374667351
1640 810 727037735
1229 504 158440798
1193 1623 311812558
197 1984 739189774
1617 1648 899130736
306 949 865828083
1969 1509 56733148
170 342 398583038
1471 1575 431926222
1584 20 55952248
1386 1108 287237300
652 1471 827042634
255 434 323813890
1580 41 967239158
1456 1890 226707866
1625 642 258797727
299 833 663876678
1407 1052 435001645
922 819 39393174
1458 460 236609712
240 57 792312569
14 1871 666770839
11 311 179642959
17 586 48200973
3 21 411452092
718 1711 93112107
1452 1684 498415091
1542 1405 745878263
79 162 663594945
34 525 487824978
386 572 164269693
49 192 98662377
529 636 123072365
918 1322 302871113
415 1839 50501843
1526 1822 939021099
103 1961 851794619
3 441 553538348
1112 1371 489683908
479 855 52003801
486 1348 636862192
1160 1545 799079911
183 1414 46022329
1333 972 105505407
822 967 534222889
1157 1913 373820716
1693 472 568038807
21 247 131490892
1339 1366 965802835
1420 645 167476800
89 559 860989638
1025 1149 309505203
523 39 833587437
1049 923 586061879
158 927 959845111
958 795 572685747
461 1205 610603753
296 1094 283833345
1047 321 886357447
321 1187 484414023
658 1719 498233194
288 1877 110435314
1587 819 931962446
809 1669 225301526
1587 1829 321048587
389 1686 670530012
1068 633 891524314
1267 547 759167257
286 388 383890591
478 502 463060352
1543 1731 173115241
382 1500 241948821
21 1933 463216889
110 504 106994913
1833 834 128979247
584 390 195155161
337 780 987686329
1147 1535 143349867
281 826 433949923
948 353 342192287
786 1220 35884041
1207 1604 577095916
177 1957 921501953
481 863 592688887
1702 829 382331668
799 1050 794749260
41 666 735752965
1531 1992 522486890
1047 1048 277785955
1572 798 167894053
724 234 366741293
1138 1439 455227605
1823 820 935608847
67 73 352280657
847 1736 173954846
668 1750 821979614
1120 942 837226524
405 297 616316312
1669 1190 553838181
552 1994 833833639
678 651 845569496
1709 677 343084661
1678 420 175712477
1579 1924 94233592
330 1196 372370347
304 1593 223393245
155 1355 395359295
113 308 868850159
1536 805 191289796
1898 1298 495042825
1477 1164 310768344
415 1545 824058420
606 180 593026988
223 1113 326872388
486 1123 357166341
1926 1017 709434964
1055 1434 404365220
1594 1940 394459443
31 1852 292448734
199 480 174535306
1357 200 28914804
1218 864 817354906
3 198 365356154
43 1770 178707742
1528 1707 544867950
639 16 372205727
740 808 130506672
455 1717 131406485
550 242 135245060
1085 801 208616450
819 857 223359714
985 581 163409574
1499 633 891218025
795 1189 779988211
1384 288 980977612
1261 1660 759544908
1072 477 249387764
309 788 67287771
582 1388 451184690
1534 1297 602309492
145 947 804194486
1791 453 717575166
1110 616 58781106
231 1255 490944448
692 1163 550617482
365 39 805364189
684 1502 332138658
404 1567 280282077
899 48 20302827
1225 801 237463302
960 1663 717948869
255 354 784799170
234 1208 495529719
158 1687 289322513
356 574 913649443
222 703 236397895
4 472 562609044
616 930 336649427
606 1238 241051026
449 1012 112626270
19 223 939345634
50 1364 291578496
613 769 990205344
353 1623 843204400
298 358 177772180
1319 304 341365864
713 334 769852181
1605 226 893160264
1794 1451 168264806
966 855 817178634
909 1805 805319214
246 1997 898052019
1019 156 150621183
432 217 839515256
521 567 129583202
1436 1659 144751309
1072 1924 275426397
76 1977 683977040
973 1610 822784160
1705 614 115251158
769 1494 992180994
1641 777 223871570
665 1927 931047755
137 675 20296129
1430 1405 959883509
1624 1757 825217271
1822 410 641462577
1252 1109 76364158
595 1401 132789397
689 436 517983105
701 1688 114737906
1170 1642 521346792
1130 44 162276163
1149 1896 507702205
1857 1500 892570314
934 750 630914598
382 1123 97347041
763 1814 624311220
414 1681 449511532
1512 412 61819449
782 1354 805451628
262 657 430580337
418 511 141864863
1357 147 898529767
1438 1604 170443218
1525 1330 345383496
1933 803 976182348
454 1560 951438632
1492 835 847342445
1895 353 55742238
1586 1571 598934947
134 1059 611070709
1789 679 616786374
1780 1420 648776294
1462 856 924750531
46 1257 588883598
368 402 471315523
1653 1882 874050788
309 310 476985576
764 1834 777604151
654 686 848390537
1967 1951 803893366
1193 1477 580333754
