4000 12000
2312 2971 92
1168 640 54
3145 3225 44
1535 1132 78
6 200 96
2042 2755 2
3849 3500 35
457 844 5
2807 2986 86
2361 3777 73
573 1652 28
3261 2469 78
2090 2606 71
34 1476 80
2521 2803 8
41 1245 64
2104 3382 94
1834 70 74
352 1128 21
18 420 90
2494 3113 44
3124 2859 25
95 1214 11
837 1884 20
2852 3503 38
26 1202 65
1384 1165 33
1596 718 45
1887 617 9
692 124 79
678 1818 20
1430 580 4
3071 3880 99
3733 3942 47
1741 1151 87
144 309 21
2439 2457 88
77 1637 80
107 355 89
2261 3595 73
2065 2497 14
57 812 12
2892 3611 93
1335 1544 93
1907 418 91
1827 1127 81
2399 2533 77
282 701 53
1452 546 23
2011 2014 100
559 1119 45
2525 3163 9
1656 1052 2
11 346 61
2126 3232 97
380 331 9
10 41 51
2009 3152 80
2104 2202 65
1784 1168 79
2108 2195 59
3241 2333 93
2022 2065 80
3298 3086 30
1894 1547 77
2097 2774 32
2086 3028 62
2333 3420 28
2839 3143 83
1197 1241 29
2047 2735 84
2637 2020 93
3369 3844 63
945 1478 99
2483 3404 14
2589 2978 32
3408 3996 9
1071 1017 48
565 874 99
2645 2938 2
2509 2573 9
90 1964 47
3022 3677 35
3550 2200 16
2977 2595 4
40 142 15
2171 2359 55
2847 3109 63
472 135 72
1490 1218 67
2280 3891 61
1758 1878 77
394 1888 64
543 141 11
3175 3570 66
175 563 34
2465 3007 99
3361 3396 49
2370 2974 14
593 1050 65
426 587 94
974 607 58
3302 2030 95
2431 3087 23
389 703 32
3340 2421 16
756 1374 78
3352 2127 62
46 77 73
3606 3304 91
2322 2615 16
1061 1167 69
2118 3119 56
1820 1562 39
2633 3959 32
266 465 72
2099 3135 46
296 1998 67
2231 2243 66
367 1881 88
1509 1689 33
192 1034 43
2490 3417 36
771 1548 89
1189 1033 74
79 180 74
2477 3498 26
2055 2093 62
1227 1277 82
1025 23 64
1153 1863 42
2920 2351 73
2404 3639 26
3275 2594 15
465 652 48
3297 3203 58
591 1251 50
1752 1976 75
747 1830 0
2784 3095 0
1199 1992 48
559 472 53
2278 3253 34
1603 29 26
108 400 2
2624 2808 13
3431 2119 31
3828 3157 20
3371 3769 1
1926 1896 26
593 648 19
944 1897 61
3492 3970 45
3651 3131 4
658 716 66
2481 3717 13
444 1113 12
2540 3538 89
3045 3054 37
3399 3788 27
147 3 6
1273 1442 78
3475 3068 88
1868 795 45
3180 3822 51
1167 1728 17
1688 58 85
409 454 30
1641 1954 65
3975 2372 32
2563 3832 2
3781 3672 35
2707 3071 30
2081 2341 38
1187 1096 13
2676 2634 45
872 1607 40
2006 3297 67
2115 2682 77
2515 2499 66
1470 1406 11
3193 3652 74
1025 1273 90
3359 2675 20
2114 2370 91
356 377 54
693 1660 1
2558 2894 73
1 29 42
1985 48 33
14 58 73
325 350 89
3286 2020 54
2708 2939 14
4 26 46
1545 1375 15
3061 3393 28
867 715 45
55 1365 53
94 441 46
2639 3745 59
507 1207 30
1979 1608 10
2077 2236 9
1046 1310 98
1436 1853 73
2251 3376 91
2231 2275 88
2614 3193 19
2324 2395 20
801 1252 45
3332 2969 75
613 1253 90
408 440 46
1803 1582 18
650 1916 4
1477 1893 5
549 684 24
3493 2879 66
3834 2306 79
3672 2084 88
2700 2057 10
63 923 83
195 70 35
1538 296 23
1526 307 48
1003 46 58
1112 1255 60
2489 3217 92
2627 2383 59
3625 3395 2
2146 2622 96
3690 3971 23
2196 2552 79
3089 3178 86
3841 2785 4
926 978 55
3559 3159 98
2602 2998 20
2147 3229 17
2912 3067 19
3059 2533 61
3947 2562 93
905 1563 85
297 1808 8
1680 326 83
36 1767 55
500 492 80
1193 1162 94
2353 2882 92
1237 367 11
3954 2649 12
1398 1560 74
2004 2258 21
1603 1304 16
53 1309 95
3040 2186 49
2213 3561 86
132 1634 100
2062 3877 30
1346 27 15
2860 2242 35
2618 3047 39
1331 1511 44
172 1484 45
650 741 7
2392 3098 70
2746 3054 95
269 570 98
2161 2347 59
1147 1570 30
3158 3667 29
41 371 97
3424 2376 38
3846 2631 88
3644 2758 42
2629 2720 13
76 369 7
3311 3764 56
1745 1659 87
45 1156 52
1038 1362 8
3709 3879 70
2020 2021 3
2848 3483 46
1670 890 93
3040 2396 4
407 599 52
394 1618 22
3348 3598 69
314 1042 87
2296 3501 29
2654 2210 65
3148 2257 35
3779 3282 61
37 204 3
1854 839 18
3051 3750 27
2554 2407 38
850 1211 34
2206 2632 29
2191 2549 98
586 1422 89
2734 3391 65
1802 1141 91
3384 3389 66
3522 3612 42
3091 2105 84
425 1205 3
443 151 50
1331 1465 98
2167 2393 74
2244 3772 28
2700 2123 73
3212 2171 90
1417 318 5
2276 2785 35
1477 1004 34
16 1817 78
1765 693 47
3543 2077 27
85 1920 92
1338 1107 26
2391 3854 7
339 1289 42
935 1283 83
673 1816 88
3608 2338 5
3404 2577 49
1120 1528 83
2758 3993 54
907 1648 44
2884 3773 3
44 87 42
712 1299 98
962 1445 56
1394 400 1
2100 2098 39
2907 2749 0
834 967 35
315 608 20
2447 2817 11
3711 3815 42
907 1440 100
2004 2007 70
41 1886 33
1134 1208 68
3863 3392 14
2876 2785 3
2142 3581 13
62 1249 34
1440 1663 71
679 963 86
34 221 36
636 450 8
328 1590 84
317 129 99
1731 1657 85
2796 3791 23
237 474 14
3434 3184 95
1120 1991 77
2333 3946 39
1358 308 4
124 137 14
3847 2496 24
530 1371 48
2149 2201 87
2938 3722 45
1356 1864 93
3418 3738 78
118 342 59
990 689 79
1194 1473 24
332 1541 59
3210 2867 49
2035 2210 5
2910 2705 21
781 1359 19
579 649 76
1331 281 47
685 1394 54
2015 2801 56
718 1625 5
1055 1795 51
198 764 40
2951 3810 88
95 512 93
953 1100 19
3502 2902 86
1742 9 74
316 727 0
2122 2508 20
3946 3105 37
98 352 39
3052 3728 100
796 181 73
2557 3076 18
3891 3172 9
508 138 58
99 293 72
3870 2272 11
1741 1075 24
1027 1128 70
2677 2796 50
2930 2447 65
938 934 65
3117 3001 69
2677 2691 56
2256 3969 3
2514 3785 59
1943 61 10
1304 658 49
1187 1913 26
2464 3714 93
860 218 87
1713 379 61
612 698 100
2802 3241 84
681 1351 80
2714 3609 39
2626 2984 45
479 1122 2
3575 3485 64
3316 2690 3
830 1104 100
752 1323 7
484 1567 46
1160 905 55
2894 2234 0
3334 2616 12
582 902 44
1386 511 55
2417 2579 96
1244 1154 34
3780 3691 26
947 1024 38
1336 314 56
1729 1142 38
1254 1886 20
190 294 72
2489 3279 20
251 1527 100
959 545 42
1513 1046 25
714 1935 8
2416 2722 39
972 1880 39
3233 3272 13
169 894 92
2669 2034 40
9 173 69
984 1414 66
1893 59 84
1476 812 94
3059 2896 36
841 604 30
1798 608 97
517 1943 6
3968 2872 4
220 1401 24
1806 599 29
2533 2070 85
1206 1404 24
175 1284 91
3165 3548 2
2975 2831 17
3943 3757 93
2007 2171 40
2537 2556 93
3374 3914 47
2892 3472 37
2455 2559 77
80 1310 98
1645 1900 44
899 1860 38
1807 978 81
831 1399 39
862 1079 81
32 149 28
948 347 5
3770 3348 80
1346 499 2
2377 2428 90
2588 3740 27
857 99 87
3173 3163 45
1458 95 92
1588 1151 91
737 1634 12
1424 1095 36
2322 2228 34
3321 3977 94
3451 2013 31
1612 225 57
3912 2971 62
2569 2908 31
707 190 94
1059 302 90
143 814 53
2900 2478 13
1506 847 65
2496 3034 38
2075 2237 26
2388 2477 61
1361 1670 55
2964 3871 89
2034 3845 71
169 904 14
42 107 9
2451 2521 53
2442 3791 69
45 1183 54
2048 3831 51
2956 3409 93
2152 2684 61
163 315 99
3736 2904 16
3511 3011 60
901 1333 72
120 1365 61
2357 3602 84
2903 3311 32
2831 2216 30
3376 3419 28
2928 3654 63
3455 2726 8
618 129 66
2476 3698 96
1354 640 41
3872 3888 43
1422 649 66
3065 3149 93
3854 3013 4
578 1053 85
1124 1690 18
2960 3003 96
2371 3637 89
2676 3055 41
37 1485 6
2826 2871 31
868 1109 39
2397 3269 90
1853 824 27
1575 1633 87
3500 3887 29
3991 3219 69
229 927 24
2066 3016 37
2428 2875 78
2584 3534 83
974 999 73
1777 1892 87
47 1183 23
1205 1037 24
2122 2271 37
3088 2647 54
901 534 70
417 901 74
1096 1193 45
3256 2997 14
2749 2870 11
2513 3899 44
3196 2499 2
1495 941 49
1980 1253 42
2394 2543 17
1715 123 37
2426 3280 11
3251 3924 75
3472 2453 19
1838 1861 41
325 535 65
2397 2263 34
148 1394 94
151 595 49
364 982 83
130 186 96
513 489 89
3996 3813 90
3 392 75
170 186 80
135 681 44
3362 3908 7
2735 2752 15
2353 3892 78
3877 3426 38
347 1681 90
2042 2249 88
1980 712 35
3941 2753 64
1472 1195 58
261 1224 26
1319 1611 8
700 1393 57
761 1233 32
3019 2724 89
1606 696 70
3695 2145 21
3809 3904 99
713 1961 71
3201 2421 12
1293 721 48
2065 2081 94
636 1196 35
763 1065 15
661 1501 67
1361 1891 98
3629 3459 54
95 338 60
488 936 59
3231 3911 12
734 1666 31
2196 2423 92
2790 2957 70
3465 2148 19
2530 2795 6
1772 1852 82
3716 3692 76
268 1406 35
250 432 66
2004 2091 5
70 870 79
1656 911 38
694 910 43
21 631 51
2019 2702 62
1032 1756 25
1517 798 39
2127 3117 46
1783 1287 69
2088 2249 85
114 1613 17
3007 2887 8
2870 2115 21
391 475 33
901 1141 84
3582 2310 86
533 829 74
1506 1947 64
3043 3930 47
297 1123 93
93 912 83
3304 2740 78
2206 2678 85
584 1066 8
2408 2053 11
3561 3365 98
864 1905 81
969 1324 14
73 70 64
2873 2314 75
438 728 18
2867 2902 81
1310 1715 76
3341 3168 45
1814 153 67
461 1954 46
7 1400 2
1947 365 84
1184 801 84
2648 2942 74
404 1224 92
669 785 70
1596 434 65
3417 3886 54
888 1713 12
3485 3952 73
2245 2536 36
1342 632 82
2532 3378 34
3299 2280 53
1276 1649 45
2825 3059 97
2009 2616 6
292 202 94
1364 1076 24
2718 2749 48
2516 3622 78
940 639 84
1690 726 68
1469 690 97
3904 2925 25
487 364 77
1260 861 48
1510 648 44
3029 3092 0
2668 2829 23
2888 3132 19
2824 3011 26
2676 3925 92
1183 922 57
3186 3724 51
410 1468 68
2298 3935 92
417 1661 82
168 496 29
2948 3741 57
3002 3191 69
3351 2409 59
124 1553 25
3604 3823 97
3791 3721 0
456 508 0
2904 3824 52
2145 2644 51
1355 1594 78
2076 2320 1
3607 3749 83
572 1320 70
475 1907 16
466 1505 1
2064 4000 22
2771 3816 59
2059 2384 22
66 624 93
2627 2417 69
2324 2682 2
111 119 70
2312 2127 16
3501 2588 80
3341 3765 82
186 1616 68
2904 2995 75
3179 3333 42
2247 3447 46
3901 3570 64
1039 97 77
2280 2585 32
1887 736 29
2636 3609 66
3371 2259 12
1088 570 2
3742 3915 21
1329 989 58
2521 2754 3
58 332 71
3896 2455 24
724 1024 50
2898 2246 2
141 30 98
442 1595 0
2434 3288 57
839 499 5
2749 3841 49
3920 3248 96
2226 3980 98
2967 2033 87
16 235 92
1144 285 65
144 207 19
2766 2855 63
3308 3465 85
3273 3823 14
748 825 38
739 1819 41
3765 2693 50
1769 1797 83
2887 3285 74
2208 3804 87
2089 2240 40
3447 2958 91
383 1486 68
1212 457 47
1165 644 32
2882 2930 18
34 36 31
2002 2904 60
45 490 47
1867 512 46
3129 3372 41
2674 3060 54
2907 2578 73
1888 1150 48
110 1996 55
2777 2023 67
2166 2606 63
3981 2420 21
654 974 53
545 579 46
565 1616 95
3314 2600 95
630 181 17
2727 3174 40
190 409 53
935 1857 50
1387 829 99
761 1874 32
803 1180 54
3228 2987 44
1982 1862 43
792 148 89
2980 2561 61
2527 3081 8
3345 3558 37
2236 2597 13
3188 3352 77
343 438 96
761 1783 2
3638 2479 30
3912 3614 32
1619 1449 69
1247 736 0
1678 869 27
1771 525 86
3376 3315 83
1405 1259 93
1603 1754 84
1357 1595 91
2997 3730 42
845 1638 69
318 1815 49
1505 750 17
1493 1623 44
2580 2793 17
386 557 63
1271 491 1
2327 3174 70
3122 3632 80
1856 99 94
27 818 46
887 1705 63
1041 1881 11
3346 3507 67
3669 2284 79
2500 2621 93
2979 3726 86
1441 1830 77
2609 3041 71
3934 3680 69
2327 2587 96
2527 2564 75
1253 294 64
2376 2478 99
1565 794 75
2783 2929 18
1133 611 47
2039 2217 97
3927 3295 75
3270 2847 0
1982 9 15
2389 3312 38
2065 2774 3
2553 3193 62
3952 2018 18
3401 2081 82
3644 3647 67
2489 2147 89
856 1004 31
719 1697 51
3911 2957 54
3982 3903 36
1198 1122 46
3397 3959 38
1032 271 56
2906 3383 68
823 1444 75
294 1369 65
20 1807 91
2813 3897 100
1097 629 67
290 343 38
3012 3032 30
1960 1529 80
2506 2370 27
1223 1055 68
977 1663 5
2404 2552 70
2079 3146 0
2829 3064 62
574 95 89
910 1230 1
755 647 1
2251 2363 21
3163 3432 62
51 478 96
45 132 23
3608 2072 77
1669 707 40
3066 3049 36
2027 2664 44
1830 450 12
412 801 69
1868 1019 24
2777 2881 49
3427 3948 80
713 1252 97
3971 3518 93
3871 2350 46
2825 3306 93
122 1300 31
2368 2369 43
1033 1863 48
1283 1467 92
447 1652 32
1835 1925 74
290 686 31
592 1162 74
1021 1911 79
2833 3740 80
83 322 50
3736 2001 12
2456 2561 51
3609 2075 17
1088 1862 78
16 1500 37
1469 591 18
2369 2256 58
1329 1361 53
1463 1587 1
71 1897 5
2592 2788 5
974 1040 16
340 1984 25
3922 2270 25
1721 1907 77
1088 954 4
3438 2317 70
937 1067 34
2729 3900 41
3709 3051 45
2920 3957 99
3210 2857 90
2553 3699 20
3475 2399 61
3546 2133 23
1872 718 86
5 857 54
2098 2381 25
1918 829 100
3140 3278 79
608 1894 18
968 1279 18
3363 3246 49
2292 3962 19
908 1509 95
18 212 16
394 1933 18
3379 3690 0
638 1336 2
12 17 42
2354 3619 3
2296 2226 96
1040 26 66
919 143 0
1430 445 45
906 959 34
454 638 79
776 1601 38
1233 219 15
2152 2642 26
1215 1328 37
1005 1157 27
1881 901 7
2024 2416 39
1995 1503 63
939 1429 36
3649 2298 12
2391 3407 20
2837 3625 44
1788 1969 52
2003 3497 55
3457 3378 15
275 73 39
920 1948 47
182 746 72
3551 2489 98
1616 1799 73
2940 3482 70
1029 209 94
1658 1101 79
674 1404 30
3448 2310 94
3525 2783 56
2249 2726 38
2146 3439 27
570 991 7
2335 3223 67
2593 3060 36
1808 773 6
3069 3643 5
2598 3374 2
2268 2302 10
3270 2523 5
1925 752 8
1259 101 67
861 257 24
965 1982 69
2573 3269 19
95 1629 74
70 802 58
259 716 53
386 1857 23
3172 3572 99
3871 3168 62
2295 3208 91
548 752 98
925 1235 18
947 537 36
1123 181 28
2172 3495 99
445 991 91
1471 895 89
1116 1447 52
2559 2906 13
3182 3077 88
2795 2085 59
3562 2932 52
100 122 22
3014 3705 14
3453 3718 17
2588 2289 14
2335 3830 88
1539 1184 72
2905 2363 18
288 1112 66
70 127 14
1006 1949 54
1978 388 28
3635 3535 78
3225 3751 64
293 1774 5
3759 3033 68
346 1133 22
79 444 81
2958 2572 40
1956 983 54
3742 3389 10
911 598 23
152 718 37
3314 2260 11
3493 3763 90
42 69 100
3226 3319 43
2409 3718 49
2680 3593 5
518 667 66
1413 809 38
2111 2172 16
3077 3430 24
133 177 46
1719 484 13
559 791 2
2681 2289 83
714 914 50
72 423 68
2381 2517 90
3408 2664 4
179 1101 62
12 973 18
607 1896 19
2523 3132 0
89 1393 6
1300 1606 57
773 114 29
3473 2191 18
39 730 94
291 333 75
1068 198 4
2319 3934 0
2899 3912 49
456 1874 58
1526 1515 84
3154 3922 37
2968 3184 46
904 764 76
3086 3390 53
365 1906 62
87 533 36
3731 3803 47
1246 1191 80
3943 3165 24
3079 3504 16
2961 3632 63
3562 3148 93
1199 1518 55
2218 2555 7
2812 3097 19
950 1029 31
1519 893 80
308 1418 44
3161 2805 8
2967 3700 68
2531 3624 28
47 1823 25
1471 1736 58
521 578 32
2104 2107 38
1918 532 58
593 758 81
507 927 6
3969 3911 65
317 430 52
1249 1981 51
665 1583 85
2089 2663 71
1697 81 32
2421 3460 82
343 799 52
2157 2326 26
2071 2365 31
2050 3514 2
1452 727 62
573 872 6
90 331 90
657 1118 45
470 1703 71
2335 2510 49
1547 965 82
750 866 74
2127 2357 76
3297 3568 65
1922 742 93
196 1404 96
2494 3770 51
2650 3527 84
131 1575 39
1568 1804 4
168 1504 32
280 370 95
2391 2726 61
1892 87 66
2053 2698 65
2279 3053 60
3661 3776 62
2181 2934 75
582 972 23
2517 3207 52
787 1952 54
955 1378 46
2879 3496 83
2103 2192 62
2742 2659 62
2137 3354 72
40 273 30
3452 2237 51
2386 2947 72
231 181 51
8 1874 53
1589 1795 67
37 1474 13
3263 2366 68
594 981 21
200 1654 36
1860 572 53
1972 1948 8
2262 3765 77
2682 3846 83
1173 1849 55
613 872 50
963 1418 55
130 584 79
1576 870 64
579 1482 61
3435 3629 43
2456 3667 29
114 357 5
1721 165 98
840 899 47
2508 2937 77
1456 620 20
2430 2405 60
2344 3404 98
97 100 8
182 1620 31
2516 3529 61
3589 2053 41
723 929 55
3691 2228 20
19 1662 47
3821 3100 60
2035 2120 79
1095 385 29
261 213 84
1763 234 64
3428 2526 86
1619 1061 69
3941 3171 44
2656 3075 83
200 710 96
1243 1761 3
1232 1666 46
2459 2315 90
2323 3426 62
1258 944 28
3025 2224 47
40 985 58
2337 3628 63
3764 2413 74
1738 1361 92
3541 3510 53
1721 215 37
1229 1807 25
1806 828 30
3981 2590 53
1444 1329 97
505 526 96
106 570 92
1837 1987 79
508 1710 53
2342 2508 91
2881 2770 80
2302 2971 51
3574 2903 46
2588 2736 42
3709 3586 75
103 1669 63
2609 3709 69
2013 2027 28
166 529 77
1641 1448 49
47 150 71
1140 53 20
1138 1167 27
3598 3705 65
1720 267 90
2448 3129 96
2821 3886 30
121 1863 71
3223 2595 6
535 1612 46
3595 3587 28
480 1062 40
805 1450 18
1984 62 34
1114 1283 67
3033 3620 96
2486 2940 84
1742 1191 20
479 38 82
2815 2996 55
2118 2253 35
3309 2569 74
2405 3707 26
132 226 3
2514 2592 34
2876 3384 60
2612 3359 46
2597 2799 98
2540 2934 21
907 1383 9
2856 2073 57
2704 2949 42
1430 1883 53
300 1074 83
2586 3157 34
2448 3872 66
216 1436 6
985 1068 76
587 622 79
874 1484 19
3470 3509 43
2304 3919 91
3162 2162 45
2055 2366 81
1208 974 53
2396 2410 3
338 1989 35
28 279 77
3194 2858 99
167 22 77
2400 3965 83
1904 590 17
475 1592 56
3279 2614 100
48 1653 17
1143 1911 54
3371 2590 41
547 639 57
389 658 81
135 1432 15
3229 3488 99
3 267 56
1030 719 24
2087 2144 45
2417 2632 66
994 1821 4
3557 2320 31
265 1979 72
2914 2051 0
1760 1862 36
51 1059 62
910 1194 14
141 332 67
1445 809 47
955 558 59
3417 2548 89
496 799 98
337 590 77
1708 1416 78
1253 1900 15
2588 3710 85
109 1716 20
3425 2307 13
2963 3345 63
1070 1223 80
140 995 32
2 39 65
2290 2628 55
196 1119 47
2344 2894 35
2263 3408 81
2076 2122 64
1653 129 98
2477 2742 71
2133 2544 83
340 718 25
2720 2813 4
433 537 51
1459 744 42
426 917 36
882 1195 41
554 1403 70
261 1334 44
345 1826 23
2233 2815 27
2335 3484 52
1592 811 23
2424 2866 87
480 659 75
413 1455 4
1085 221 42
3093 2034 25
1175 1311 12
3074 3532 9
3044 3123 36
1389 193 27
3002 3733 82
3282 3855 43
714 1927 87
3753 2548 54
1341 1855 8
980 10 73
2345 2657 53
1625 1238 18
1647 1682 43
500 309 62
929 755 60
3717 3787 30
2219 2303 12
262 757 23
2278 2839 56
1580 1852 28
1399 536 10
2186 3306 25
301 1839 46
2340 3619 41
643 600 5
3046 2961 23
3165 2733 71
1039 1594 8
2141 3548 8
2985 3874 51
2 12 17
1445 875 18
3708 3441 94
2014 2018 48
2530 3492 79
134 1559 53
206 935 10
2715 2603 12
2742 3914 55
2456 2778 75
751 1215 24
2345 2366 20
1242 604 12
2367 2795 60
186 1800 62
39 541 46
3027 3522 36
218 1117 5
2036 2558 40
2908 3964 54
1293 2000 80
318 1254 39
3337 3075 39
499 792 60
2178 2830 36
2651 3888 24
3253 3979 36
2836 3690 98
667 163 94
3653 3981 66
2088 2455 61
40 358 39
2195 2789 32
81 86 75
156 567 48
70 1798 81
2440 2081 2
3108 3331 64
2500 2512 47
2491 2409 27
2250 3813 73
2268 2482 71
1860 769 93
51 264 10
1950 678 44
3019 2679 88
1212 636 82
434 1314 0
142 1464 90
1988 1679 43
2406 3967 91
3318 2305 22
2064 3852 83
2051 3879 11
1412 1565 76
3441 2147 53
6 313 52
3108 3872 98
139 545 74
2812 2002 4
34 1248 14
159 820 13
239 1440 39
2903 2421 99
2602 3341 34
2038 2822 1
3968 2302 40
258 386 62
3758 2640 72
2625 3126 7
211 1780 47
338 1424 4
244 1963 60
2610 2640 32
695 97 5
1385 1273 28
2414 3005 44
764 867 17
1343 1136 33
3834 3564 67
2494 3358 42
2536 2483 30
2270 3781 74
2365 2577 65
213 660 54
2862 3481 23
2026 2347 91
3061 3203 17
2107 2913 69
2150 2454 53
2154 2180 1
2962 3022 68
198 1711 57
3751 3949 50
3129 3685 20
2221 3722 52
3395 3830 91
3864 2485 21
417 1970 20
2907 3425 62
2911 2740 23
1131 813 21
314 1590 79
3168 3514 12
674 148 98
3567 2453 30
2021 2461 11
1537 1635 58
1432 859 22
671 426 60
756 1869 63
97 354 89
2330 2541 88
2661 3291 97
2426 3424 100
1001 1083 33
1082 1582 62
2130 2985 84
1232 1722 35
2521 2768 71
724 1126 51
3756 3131 79
166 986 94
3271 3374 38
764 94 57
1898 484 32
2899 3029 76
3999 2923 32
349 1328 1
880 1110 52
3865 3394 55
3599 2634 87
651 589 34
2429 2847 83
2108 3252 85
3330 2485 58
3272 3401 30
756 658 81
6 21 18
2616 2711 94
3945 3572 22
3436 3802 44
2944 3618 88
2542 3652 99
152 1146 7
574 700 14
1528 1575 53
2051 3038 52
31 1297 85
3018 2782 24
145 192 8
2099 3943 62
195 469 43
3624 2375 64
2532 2854 98
647 497 11
449 1432 75
2171 2335 91
334 401 22
1768 1673 73
1144 1706 46
35 1356 71
1738 711 54
1187 820 42
2183 2015 31
533 1719 92
1644 538 36
452 660 61
2533 3225 87
2341 3397 88
2517 2936 13
12 32 22
3687 3054 63
1212 1230 44
15 221 56
2692 2762 99
62 1213 96
546 589 77
222 1107 98
605 829 20
2797 2165 77
1742 307 52
765 1366 10
1709 1803 77
553 806 98
2900 2342 37
552 1732 50
50 869 44
1571 37 3
3644 2999 14
2011 2022 17
182 508 14
661 1005 42
2075 3429 21
1446 1655 54
420 297 68
2086 2234 29
3100 2448 54
424 1284 20
3187 2019 19
419 1413 45
3457 3790 40
543 1233 92
3564 2190 22
3317 2852 34
2009 2199 74
3883 3077 84
2337 3210 97
826 1621 40
1651 734 57
442 1774 4
621 1884 89
2303 3818 37
227 422 52
1555 1624 25
2214 2036 94
3367 2288 84
1556 1651 22
89 209 53
3368 3309 58
1530 1843 32
2205 2625 4
1718 816 63
955 733 31
1643 212 95
3225 2538 27
1634 180 10
3507 2388 22
2793 3865 52
2844 2659 60
926 757 71
707 893 39
2558 3287 74
2343 2937 9
2265 2308 47
2218 3592 45
1732 1501 50
3192 2712 42
2225 2330 34
719 66 32
838 1501 26
269 592 40
2027 2669 24
3199 3333 60
3302 3719 81
41 74 76
2272 3790 85
1908 798 63
545 1767 38
313 519 92
2257 3758 12
63 1309 83
3815 2512 67
3897 3030 83
98 1872 28
305 773 56
2023 2712 58
5 13 11
2797 3286 30
2628 2498 37
1866 1704 70
338 1630 29
1592 1533 36
93 1056 73
3718 3838 20
3658 3347 36
334 364 16
526 229 74
281 411 55
2777 3659 12
2248 3688 89
3636 2483 95
2243 2767 4
3057 2409 59
1244 1283 82
2025 3127 12
24 1241 86
249 1080 83
1262 1170 22
126 858 6
3746 3099 91
3830 3710 11
2814 2999 86
2683 3511 86
2422 2749 28
740 248 72
2593 2174 41
2805 2916 33
1233 1606 88
1053 829 22
2483 2939 78
1909 773 36
1407 1415 10
1396 1225 64
253 922 26
2394 3025 39
2593 2156 39
616 365 49
1835 1642 55
1863 590 75
2926 3138 5
2178 3866 51
435 1113 6
2048 2395 20
1006 588 96
2834 2877 90
2261 2811 4
3709 3180 73
2061 2620 10
2077 2651 56
2816 3246 98
2527 3357 62
1700 276 95
961 1501 42
2743 3205 0
1133 1424 5
661 592 53
3133 3041 45
740 1053 96
762 1252 26
2301 3794 72
3906 2173 84
1061 1208 70
487 1058 37
3394 2707 60
773 1149 96
209 1275 67
3697 2173 60
3517 2804 79
3833 2282 0
2355 2568 64
2089 2226 58
3638 3748 37
3679 2573 17
446 1077 93
2505 3798 80
3543 2153 39
215 253 47
2764 3043 49
3184 3776 49
2086 2353 33
421 6 47
2531 2374 52
694 1736 87
1932 831 88
1028 1674 79
2615 2910 48
1963 503 46
3482 3573 64
1162 1858 42
177 642 66
1029 1135 77
3626 3719 5
56 625 7
3230 2030 39
700 1078 34
1060 247 51
1976 626 96
2076 2604 81
2781 3578 44
505 2 95
25 312 38
2184 2334 60
2156 3554 70
382 1186 8
60 91 75
964 180 34
2111 3410 91
3321 2972 10
155 188 73
1626 1397 74
946 1243 57
1663 118 2
1232 1080 50
2082 2216 56
897 1766 3
797 1844 8
3596 2645 69
4 43 20
163 178 94
758 911 23
3665 3998 85
2404 2672 8
3567 3559 51
2221 2417 71
3276 3417 10
2722 3463 24
2794 2741 93
1487 1062 97
2611 2820 35
1157 1073 82
1446 643 61
2025 2154 76
2195 3202 90
2463 2721 18
46 1098 26
2244 3407 50
3737 2555 65
2982 3112 2
268 1337 22
2492 2854 85
1614 258 43
3160 3828 13
386 1838 99
2294 3865 24
2529 3437 16
274 1816 40
1689 1472 40
179 120 19
619 1584 17
3755 3451 46
1189 40 54
811 1705 18
2179 2371 92
319 948 44
2598 3951 2
2026 3191 7
351 1582 38
2969 2550 40
2999 2385 11
3796 3387 30
865 1343 95
2880 2044 17
648 1673 31
2148 3600 59
1293 1580 53
254 1549 70
2103 2622 56
703 1137 26
2449 3886 73
3012 2646 52
695 1318 99
2682 3918 59
2368 2387 2
2722 2803 46
3770 3719 71
1184 1882 2
247 687 78
128 479 28
2006 2023 10
2627 3753 96
3358 2194 38
2460 2947 35
1378 1265 78
1866 846 50
312 905 53
3648 3021 36
1785 375 44
476 976 68
145 846 45
2136 2934 20
2506 2181 59
3619 3062 79
2309 3397 61
770 1070 79
3230 3463 62
2536 2888 62
2426 3445 22
3130 2778 13
210 522 2
3684 3992 26
248 519 76
841 721 2
1121 1586 19
2284 2372 32
2368 3952 70
2528 2252 44
2333 2804 6
2720 3605 33
2140 3082 40
2579 2686 76
459 766 38
2878 2085 92
2084 2669 63
426 292 12
2404 3128 70
1931 764 27
2638 3846 21
2102 2333 23
366 1359 82
3987 2460 64
152 1683 88
2943 2010 7
165 1338 71
634 618 42
572 840 71
3742 3447 66
1072 269 36
2046 3108 89
2492 3387 81
3539 3294 37
229 635 67
338 1161 100
2977 3977 26
1403 1434 58
3293 3351 72
282 789 93
2097 2980 0
2888 3090 84
2595 3421 45
2747 2761 32
3409 2679 7
1344 868 48
2195 3453 50
3798 2880 58
3222 3516 32
2978 3149 47
2332 3731 99
3550 3945 20
304 582 28
1885 1370 30
2990 3655 58
2502 3114 12
616 1508 57
1691 1700 55
2106 2128 22
899 488 60
3174 3190 31
3091 3812 40
238 1192 50
369 1037 78
452 1342 2
3835 3909 63
2258 2763 85
341 1327 76
1767 951 95
2206 3979 9
3242 3263 77
479 647 93
785 1844 4
3098 2323 12
2248 2757 59
2906 3094 44
238 242 85
1516 1059 59
1713 1656 85
2296 3858 40
3124 3240 87
2754 3112 100
20 853 56
539 836 64
2164 2297 60
2809 3936 67
2257 3741 87
635 1573 31
672 1353 47
2954 3153 72
3501 3051 71
3465 3991 20
97 527 19
2377 3881 12
655 1328 48
3596 3631 59
176 270 94
2649 3734 65
896 1855 5
2683 3369 55
2097 3233 76
2161 2385 83
1866 1562 22
505 644 69
911 1668 47
807 1678 43
2734 3410 34
2453 2352 95
922 1235 35
1903 765 65
1733 536 65
462 1576 90
1310 1658 68
120 199 16
431 979 97
972 90 18
2352 3963 33
3700 3612 82
2169 2233 87
694 1941 47
1953 1451 28
213 391 68
2442 3744 60
1463 1735 7
3203 3393 10
371 618 53
3022 3241 98
502 693 62
3578 3708 85
2113 3367 0
2047 2090 72
3845 3858 30
391 1097 26
3285 2996 46
3075 2329 37
26 908 73
602 754 97
1720 794 91
185 875 69
2658 3697 41
774 1711 43
482 1960 26
2014 2068 17
2389 2519 9
1320 660 98
151 194 77
2268 3002 17
2940 3489 49
61 232 29
1125 184 99
2028 2584 5
2244 2612 32
3396 3982 72
1732 1702 28
2642 3140 3
3745 2906 83
910 1647 20
757 1274 69
3063 3230 44
2715 2608 41
745 137 25
3587 2109 4
2083 3199 51
3895 3708 88
3405 3913 29
3952 3194 78
390 722 33
2345 2786 14
1929 1763 75
1260 1165 47
134 1650 78
2856 3196 86
2843 2756 32
3359 3526 54
3886 3452 36
2925 3331 92
2627 3074 18
3074 2022 0
391 528 4
2173 3072 3
2303 2445 6
660 1657 67
701 1513 21
207 1292 85
3790 2963 75
293 295 56
2239 3655 54
984 1188 10
1762 1797 33
1458 1480 77
474 661 97
3511 2820 77
311 1523 66
3206 2581 45
74 1601 3
1220 1448 4
3403 3083 57
2040 3545 34
3357 2765 69
3959 2697 97
3547 2313 95
1314 460 18
58 67 83
417 1992 75
3515 2033 8
439 1000 97
2661 2613 31
3555 3398 40
586 1851 81
2144 3102 60
473 633 24
751 197 72
2077 3187 96
953 383 38
627 1223 58
2170 3323 21
1216 128 92
1611 384 84
1062 486 57
1072 1631 49
1465 1106 73
233 458 46
2890 3077 39
3696 3910 61
2670 3580 98
1 5 23
394 976 4
335 1280 38
918 515 89
3363 2584 52
28 600 44
67 989 53
3432 2061 31
3128 2935 72
1770 772 87
1549 809 24
638 1478 58
3571 2930 74
2416 3504 88
617 218 65
3142 3602 55
3804 2647 94
2663 2297 62
1776 1794 13
3804 2153 88
601 1373 71
3934 2320 19
1149 1240 95
2161 3493 35
3431 2919 10
1948 1650 45
2889 3197 62
2477 3334 24
1122 1690 86
2252 2290 52
2686 3309 76
1267 1845 23
3075 2338 7
2054 2143 30
864 982 48
2443 3008 5
1568 1407 93
2245 3353 23
563 722 16
1026 1698 63
3375 3098 29
66 805 96
3683 2420 77
279 1667 57
1588 739 12
3856 3794 28
482 856 61
2166 2475 71
2752 3344 43
2747 2619 84
2254 2156 13
3416 2109 14
625 1894 76
1226 806 90
289 835 79
993 1893 54
2055 2111 98
1750 1587 57
3894 2672 15
1292 1616 21
1601 878 77
3378 3958 93
2547 2303 52
2003 2900 98
3975 2332 51
1700 1027 4
231 796 37
2260 2285 32
3419 3333 71
1916 1493 85
687 485 73
1231 1380 3
168 1021 40
2264 3662 96
409 44 88
3338 3819 29
604 1806 95
2441 3772 76
2686 3525 84
3035 3417 76
2035 2218 100
1444 217 79
2233 2898 43
99 1424 46
2945 2633 86
368 395 5
519 1976 55
2156 2203 90
94 1715 29
3360 3999 28
205 874 97
1516 1419 65
233 413 46
355 376 11
1019 1794 63
1422 1177 66
2098 3971 61
2413 2877 90
1045 1006 39
2130 3894 65
3341 2925 68
2353 3352 87
3012 3917 21
114 690 9
3158 2869 39
1601 1292 29
3508 3584 14
1796 1090 36
3721 2746 52
693 834 68
2531 3358 96
1828 405 41
1090 938 100
2113 2196 11
2489 2805 88
1168 1941 9
258 974 30
2223 3556 71
315 1973 77
2074 3212 82
2288 3309 92
2492 2319 7
3649 2927 62
177 1542 91
3909 2698 47
2672 3092 70
394 1358 12
3887 2849 39
514 920 68
2153 3756 41
176 824 29
3662 2223 2
3936 2024 54
881 960 34
186 751 58
2401 3559 63
2196 2103 26
1310 1746 47
1887 1136 27
2025 2322 11
2329 2645 33
1962 531 22
2199 2622 78
407 1883 28
2412 3710 3
3066 3337 70
2583 3568 77
2530 2872 4
1570 608 50
3444 3713 24
73 194 12
2047 2532 52
2826 3339 30
2713 2440 43
3324 2817 84
317 36 45
170 308 14
3360 2347 93
21 1147 91
803 1199 26
1306 1941 41
2940 3904 52
579 1327 7
3364 3535 35
2350 3748 39
2538 3745 78
2419 3628 89
859 1070 52
3402 3939 28
1632 1876 44
2467 2888 90
3906 3239 8
2891 2664 89
30 81 20
709 741 60
990 1066 65
709 1663 49
2733 2245 86
3627 3716 66
2328 2864 3
2206 2255 30
1274 1516 8
1305 282 99
527 1502 41
137 1747 5
3915 2159 31
2039 3494 39
1187 1138 52
2809 3411 17
308 380 70
3720 3340 19
3182 3651 54
2206 2424 93
3862 3377 43
2019 2811 58
519 1978 11
3995 2234 89
2116 2421 47
2513 2320 20
2883 2677 35
1630 809 70
2009 2756 23
189 926 48
1113 1130 0
3477 2553 16
455 614 50
3874 2722 9
1542 1813 28
2266 2746 30
3384 2042 27
195 1005 57
2245 3565 17
3136 3497 43
3500 3238 96
3021 2095 100
1758 701 1
2125 3953 90
858 763 13
934 299 40
2021 2886 61
2422 3775 12
3193 3962 28
391 558 52
160 356 97
18 238 46
2111 2131 17
991 758 53
1205 317 34
2684 2930 69
3851 3231 50
3233 3059 52
2370 2694 14
3002 3653 21
3941 2890 0
654 1840 12
2083 2003 2
2067 2621 26
1696 1282 0
1571 1901 87
2293 3666 10
598 1161 28
2587 2304 8
40 48 64
3939 2150 11
581 740 80
1757 1875 58
2555 3242 74
881 84 75
2409 2566 30
390 1658 61
848 1682 63
2120 3036 12
3630 2149 12
3659 3173 16
3261 2992 30
3910 2808 76
3434 3855 43
2844 3746 40
1498 237 66
313 860 18
2482 2941 97
2921 2599 26
1036 351 27
267 1990 51
18 884 94
660 862 44
3245 3762 75
2013 2035 69
552 1211 44
3721 2509 1
3578 3301 61
2228 2238 30
675 129 5
589 1968 58
36 1539 16
2476 3622 29
166 195 16
658 1707 27
188 1269 87
1736 1494 76
2019 2307 56
1582 773 15
1544 1184 22
1626 857 85
702 777 78
54 431 50
3209 3934 31
2172 2181 44
2513 3458 57
2297 2030 94
1162 1846 69
3515 2993 20
2908 3689 64
89 117 90
2 72 24
87 123 50
198 1769 6
2549 3059 88
150 997 56
1682 34 48
124 462 71
237 767 58
2188 3044 22
3816 2252 95
2920 3346 96
150 397 87
3102 2540 88
523 1902 87
347 1139 62
1324 1665 21
2778 3226 47
2214 2228 36
3467 3756 80
179 1834 37
3772 2760 13
1827 180 51
2795 2548 8
1032 1422 48
1800 716 48
2409 3733 22
3107 2560 21
2348 2448 99
1568 666 56
2241 3351 6
1292 311 15
1479 1542 70
1921 1186 94
3079 2481 71
3083 3744 96
173 705 82
1605 1610 90
2246 2312 61
2005 2788 8
372 1918 100
717 1350 66
2627 3247 29
1723 43 19
14 484 69
2451 3491 94
2888 3908 72
2626 2832 44
544 855 18
2220 3458 63
68 1043 86
1961 1338 60
588 1404 55
657 941 61
2432 2849 29
1461 1361 33
2266 3451 74
2407 2660 2
3650 2227 64
2002 2008 67
1130 1468 93
1809 1988 9
980 1053 90
2053 2064 74
2379 3258 34
944 1879 51
2022 3425 94
2188 3634 20
3321 2606 74
1260 1356 57
2993 2610 11
1214 1405 89
2400 2421 77
2445 3411 59
1283 1395 38
447 601 92
2043 2485 33
2292 3489 77
3974 2374 36
647 762 60
699 1120 18
1016 87 95
405 1277 91
83 98 51
888 1257 21
1635 534 82
1807 975 29
121 816 1
1014 1076 76
2109 2622 65
320 154 70
468 52 16
1612 1832 68
644 1971 93
2719 2631 40
2596 2024 57
756 556 8
3490 3543 36
2959 3954 75
2068 3205 54
1248 1018 49
52 736 12
1746 1793 17
1483 640 29
3467 2818 31
1356 1256 47
60 1192 86
518 1014 75
410 976 16
2855 3856 60
3950 3518 55
3218 3577 72
3059 2475 23
257 350 46
2103 3645 74
2857 3602 20
3068 3165 23
3367 3972 49
225 324 24
2162 2430 37
3516 3603 55
227 245 9
2263 2050 26
666 1132 14
860 497 43
3083 2386 24
2762 3851 71
1643 1997 19
3491 3711 54
522 888 61
3431 3729 56
2011 3884 0
3706 2187 88
3089 2152 27
3915 3620 56
109 1111 70
2398 2878 20
1226 1781 82
2491 3714 4
3337 3985 96
3324 3943 63
2401 2708 64
1388 943 26
1719 595 35
648 173 65
2995 3215 8
2128 3810 67
3500 3369 90
700 1537 2
61 250 69
2178 2697 100
3053 3054 68
53 80 96
3986 2003 73
3740 3071 60
92 947 67
94 550 97
637 137 72
2699 3770 84
2874 3336 13
2589 3737 1
3583 2506 81
3424 2569 58
1559 926 32
2412 3430 89
2900 3747 59
3371 3207 47
1939 64 58
91 109 22
3651 2367 57
1919 1359 11
3208 3623 38
2868 3721 47
1442 1601 24
1438 854 24
1857 523 63
2332 2337 44
2507 2700 62
694 75 45
2928 3301 93
347 1 38
2163 2291 13
2824 3918 83
3906 3949 11
967 1225 15
1208 869 55
1196 1185 25
2185 3206 87
633 427 55
2091 2239 12
1413 1656 56
456 32 59
524 971 61
375 1731 58
2740 3650 93
2546 2346 9
3367 3603 21
184 215 24
500 1531 60
398 208 53
970 467 64
3251 3290 5
2268 2462 90
2232 2435 15
1083 1486 49
2848 2206 3
3912 2261 15
2075 3228 93
1465 1266 57
3475 3232 0
1141 241 90
2225 3107 96
2935 3043 80
1051 1646 83
2374 2717 42
2370 2393 78
2244 2252 74
131 1175 31
472 24 70
1194 1365 0
2474 2761 5
1698 8 4
3605 3898 38
3993 3548 78
2726 3571 36
2128 3937 95
2323 2857 14
2010 2125 96
24 191 12
3378 3579 35
3452 3333 97
882 1330 31
3606 3763 88
748 788 22
608 971 3
2194 3455 60
574 430 25
1860 781 3
224 794 39
1606 1286 1
2443 2581 89
478 644 75
3621 3638 45
975 1426 9
350 1939 58
1453 1087 23
3979 2861 87
2136 2164 98
2265 2402 21
1381 1901 6
913 1160 48
2140 2596 89
1259 1491 88
2192 2482 9
2510 3208 56
183 269 78
2136 2575 31
2452 2687 86
3860 2323 88
2034 2408 7
3439 2865 23
1175 1511 59
842 724 43
577 719 88
149 1290 25
3628 3996 18
128 389 77
3138 3221 68
2003 2019 78
83 125 75
654 103 80
336 1937 89
392 1918 21
3391 3574 7
2544 3033 36
2033 3683 1
539 1216 96
216 1070 88
699 1596 5
315 782 16
110 298 33
2589 2155 23
2158 2154 45
1272 154 23
2087 2284 55
2007 2484 21
1599 556 63
3772 2406 87
3369 3569 75
1835 1843 68
440 563 4
3658 3528 35
56 972 56
2073 2280 58
2636 2737 2
3402 3848 90
2295 3540 18
8 1193 37
2260 2298 88
2581 3118 39
3567 3799 60
166 1234 62
2040 2771 20
17 84 10
3542 3694 1
2851 3559 64
1216 1493 85
2689 3641 22
2263 3069 10
2972 3043 95
3745 2442 76
2788 3962 73
1887 653 99
872 1008 35
2735 3637 5
840 1964 71
2786 3107 38
2214 2345 12
345 781 35
3604 2230 94
2183 3584 58
613 64 32
2135 3924 95
2684 3168 44
2255 2449 20
1297 1854 71
3994 2368 63
2417 2379 47
261 733 63
2494 3295 83
427 1305 16
3344 3463 2
2032 2045 43
2034 3095 78
715 931 88
968 518 43
2660 3994 60
2727 2817 14
110 1261 52
975 1105 46
354 1281 44
357 1550 60
3719 3423 97
490 616 97
2832 2546 74
1809 5 49
2378 3813 23
1872 920 42
827 1007 0
2842 3909 27
3983 3089 39
1345 1030 43
2142 3321 33
3927 3477 38
3650 2714 29
2541 3332 96
3018 3168 3
2439 2574 24
2283 3347 87
2263 3482 91
3182 2707 69
290 696 60
3697 3755 38
353 811 11
3954 3767 13
2671 3989 29
2843 3213 31
631 268 58
611 1089 36
124 14 21
154 1144 58
3493 3327 0
1743 818 94
1849 1197 95
2464 2309 49
2651 3576 55
2160 3380 43
199 1030 83
2088 2113 6
1006 427 36
3490 3990 83
3197 2816 25
1622 341 25
2384 2320 100
3307 3627 100
250 203 25
3113 2349 45
148 1132 90
1766 169 2
3887 3473 10
2269 3616 86
3925 2148 96
3187 3802 49
3743 3798 88
3788 3454 77
64 162 81
3180 3980 27
691 1721 54
471 1508 92
1242 1467 50
1483 1276 57
3023 3288 68
167 426 38
484 1394 17
2256 3017 74
3528 3887 46
1480 1728 64
32 1156 91
319 1855 21
112 159 78
1114 998 29
1489 1800 15
2519 2833 69
3012 3898 20
172 643 81
2171 2884 82
3192 3210 75
2637 3546 70
1867 1350 26
1162 1832 93
75 181 15
2588 3570 5
3645 2750 29
448 815 100
2513 2702 90
3294 3706 28
968 987 12
747 1165 90
3857 3258 90
3031 3989 43
753 1329 67
3638 3052 33
1272 1295 32
799 1271 30
6 1219 27
1427 988 14
1842 1541 16
2085 3382 87
128 358 68
94 1830 24
2987 3507 88
2309 3459 60
413 607 68
48 66 42
1873 249 57
713 1399 79
30 1199 100
1023 1222 16
266 1636 54
2140 3841 9
1102 570 67
2660 3760 79
437 1811 33
650 622 62
1625 532 5
1077 1920 0
1138 862 6
2039 2599 74
2729 3763 58
2887 3435 77
3496 3062 37
2078 2083 73
1790 1975 59
2966 2959 36
1120 1895 42
2422 3998 78
3377 3486 22
43 1741 81
2096 2993 32
1002 686 2
2901 2941 49
711 738 89
624 1145 27
1609 145 49
2102 3033 91
44 1321 56
736 1147 77
2357 2467 42
845 1977 90
3876 2849 54
1011 1564 23
1041 188 7
3835 3919 21
1417 680 92
2548 2483 26
436 704 5
3014 2697 40
1058 311 8
545 65 24
291 662 23
3779 3983 58
2767 3204 67
188 513 72
219 1071 77
2543 2718 67
928 1016 49
1867 1913 0
1085 1872 64
2082 2149 58
3616 2910 88
3261 3734 70
817 1717 27
2575 3298 74
3564 2223 23
2327 3121 100
2912 3386 3
1758 1767 47
270 1384 68
3249 3811 39
513 580 98
3163 3633 19
507 773 2
3652 2908 64
3140 3847 82
1475 1572 2
2508 2896 1
1901 1065 17
1204 468 39
3653 3713 44
1896 1310 10
1806 1110 94
224 414 95
880 1983 38
497 887 44
486 731 42
2545 2087 35
2978 3257 36
2303 2360 87
2321 2495 51
1619 1379 32
2412 3996 10
973 636 21
549 581 94
34 800 85
2004 2010 64
2203 2671 12
993 796 72
271 1981 3
2394 2979 48
3334 3952 46
2022 3280 51
1682 1008 44
2399 2799 97
1651 250 45
339 1777 33
908 1337 92
2536 2620 33
3980 2671 63
197 649 56
1164 1858 70
2166 3073 62
589 988 54
2202 2685 25
863 1559 91
3376 2476 5
304 321 79
3801 2400 52
152 929 67
1349 715 16
3229 3536 13
2452 2677 5
2265 2769 64
2030 2227 35
3961 3931 13
757 1391 99
536 1982 90
1993 1910 29
1454 932 64
2609 3759 38
1557 1273 92
1161 1581 22
2145 3589 4
414 396 3
2931 3554 87
3409 2912 32
12 578 59
998 1806 94
597 1741 5
2793 2722 41
1902 1613 86
46 403 47
2770 3914 22
3687 3365 38
3241 2056 38
1232 152 31
1449 66 44
599 271 53
241 474 73
1178 1066 32
2670 2680 8
2346 3416 25
2296 3624 11
774 1463 5
90 1085 27
1514 1594 51
3392 2351 89
156 1116 63
256 1034 56
57 798 5
408 1388 59
2321 3571 30
1901 1483 70
1465 1495 25
114 1328 87
2033 2222 67
3009 3243 15
489 745 15
2183 3889 46
1479 1515 18
3347 3522 5
2285 2487 0
3621 3023 37
3452 2356 83
3059 3680 98
1583 1700 97
851 1144 37
3208 3172 44
268 935 13
2763 2854 56
2146 2432 40
2054 2206 74
1581 1606 93
2529 3097 11
2796 2854 36
2298 3915 70
486 755 27
3277 3965 96
3057 2114 89
3706 2841 28
507 1291 88
321 1381 48
3006 2241 33
1720 32 57
816 379 89
65 197 18
1637 836 52
789 1389 9
3604 2653 26
1201 1327 81
1983 333 75
2472 2783 28
69 436 81
3057 2804 7
531 1150 64
14 205 64
144 1669 41
2643 3817 96
2386 3795 74
1908 1885 26
617 779 100
3486 2446 20
157 585 6
2615 2747 30
1051 1690 61
29 1515 68
3499 3597 67
2286 3391 79
1461 1882 20
3595 3915 55
560 1595 14
2634 2142 19
974 1827 83
2965 2991 53
2658 2580 17
3245 2336 57
664 1841 59
1884 91 78
2418 2341 40
3208 2103 91
3255 3073 6
1432 1474 88
2044 2871 42
2435 3522 92
628 1335 40
1472 570 70
951 1429 94
2599 2467 44
3502 3657 49
273 524 82
3817 3766 80
3958 2995 95
2671 3014 80
3858 2677 98
865 1482 47
3223 2250 2
1484 873 78
2539 2614 52
62 689 54
855 1499 94
3078 2152 36
2964 2387 3
1636 1776 39
2255 2974 69
2595 3116 66
2323 2234 43
2671 3560 84
1192 1398 61
824 274 44
26 1479 40
1387 1268 78
214 1172 43
2007 2076 68
2003 3435 98
1785 858 80
1714 1884 22
2143 2175 26
2136 2183 77
3008 2213 26
2877 3622 32
666 670 11
375 1177 18
3827 3782 77
1801 1298 83
2054 2111 13
2111 3833 80
3309 3874 13
1351 433 37
2389 3037 77
3447 3651 81
3153 2462 23
1935 154 99
1969 908 4
643 1811 47
281 470 88
1303 978 95
824 738 89
1732 1307 52
2722 3103 65
1768 803 49
1737 1431 88
374 480 56
887 526 47
1764 1776 30
1706 1170 71
1559 1643 94
3813 2977 52
1758 898 35
2388 2399 2
1928 1085 4
2398 3105 17
2832 2757 66
1365 1977 47
241 296 71
3909 2700 57
205 255 9
3445 3547 62
3864 3340 20
2435 3105 23
2129 3562 92
1216 1117 92
956 1752 52
1841 1985 38
139 163 33
71 1114 31
39 316 14
2113 2339 68
572 1400 27
2118 3596 25
2673 3144 70
854 1037 13
329 526 55
384 1198 47
311 444 74
2708 2340 41
2815 2490 64
2055 3715 47
3133 3013 48
2720 2348 28
2473 2519 6
2545 3446 7
546 859 88
2003 2269 22
1407 1973 63
3825 2700 4
2346 3078 41
1141 1202 19
2497 2930 98
164 1489 63
466 1426 26
3029 2010 21
318 1349 18
3097 2505 3
1677 1650 28
3892 3384 85
1684 331 33
1528 1779 99
2322 2361 49
2158 2713 59
1080 1487 97
354 464 57
2280 2373 1
329 1020 74
1560 1668 30
1349 395 18
2569 2230 62
2256 2580 72
40 406 28
207 1065 10
2067 2257 49
2482 3385 46
31 34 36
3155 3661 31
2115 2760 69
290 1423 46
1143 119 100
2958 3306 37
1148 818 90
155 809 9
2388 2393 76
669 1384 52
302 795 71
2072 2164 17
1580 1392 91
818 1022 11
2665 2987 75
16 1867 99
807 961 84
1217 1521 94
2121 2562 90
3623 3460 86
1711 669 63
2708 2989 96
3629 3376 51
963 1654 24
2115 2794 29
3413 2605 82
2615 3104 79
219 406 91
1049 1712 15
3507 2151 86
3257 3285 57
2325 3366 62
1277 256 31
3698 3293 59
333 432 75
1390 478 71
2302 3030 5
2944 2212 51
75 76 75
416 1936 10
1984 756 47
29 1865 24
610 1457 26
511 1107 49
1792 1425 21
236 1182 72
2152 2246 63
859 471 44
2133 2724 91
3547 2239 30
2854 3741 7
2011 3091 81
3734 3672 54
857 1303 97
1505 1621 15
2250 2349 45
514 1517 0
51 130 66
3359 3447 82
80 1193 43
2675 3822 4
86 600 67
773 1351 57
3267 3013 68
631 1200 34
322 1546 94
2240 3927 90
1800 730 25
1560 1437 63
531 1762 28
1553 1728 78
1569 375 89
1301 875 65
159 1380 18
3654 2841 4
1567 560 18
2778 2640 54
1302 926 14
2615 3309 65
2163 3036 96
759 68 76
1498 546 80
2049 2328 12
604 868 1
3787 3784 68
56 1349 72
1804 1024 74
2258 2069 43
3575 3833 91
32 473 95
2406 3550 39
727 1171 84
701 1809 82
44 45 27
910 67 65
2284 3305 42
94 164 44
678 1325 14
3237 3131 4
80 1496 29
2468 3108 70
2014 2807 0
2617 2895 33
906 1185 14
952 291 17
230 1104 76
2273 2296 67
3855 3387 17
1686 108 45
1180 1897 73
579 889 65
1951 421 95
596 1833 56
1350 1898 0
252 1314 99
2280 2608 40
1876 1418 97
1270 1598 6
64 1445 4
2248 2753 38
3729 2308 48
3764 2611 67
1763 850 90
2087 3300 22
297 732 94
2020 3018 25
2624 3245 43
3318 2355 28
1735 905 99
3841 3694 58
523 160 64
1492 1196 15
1887 1857 100
3663 3693 80
2001 3675 98
3656 2054 4
3167 2670 83
1460 334 77
3873 2722 80
2954 3012 31
1421 1563 77
896 1589 47
3457 2698 9
2690 2843 52
2091 2097 91
2599 2628 31
1342 1792 50
786 845 53
207 1313 51
3027 3662 82
2690 2188 51
2042 3976 40
1019 1296 7
288 1725 26
1851 1927 11
3133 3181 99
609 1618 49
2770 3164 90
49 463 10
464 683 44
486 1731 11
1411 460 87
2878 2754 53
2287 2825 25
2633 3632 67
3407 2463 99
39 854 50
2080 2659 92
1040 1474 6
3841 3877 67
2356 2904 21
2711 2097 99
1064 637 91
1483 1526 31
908 1302 3
736 506 60
382 1658 74
2001 2049 45
2535 3630 55
1273 1986 92
516 1652 84
3262 3986 40
2927 3808 3
1380 1154 14
3154 3845 100
2134 3447 73
207 1316 61
2144 3182 53
2135 2937 20
1415 1206 19
3964 3794 67
324 1385 36
2638 2299 57
573 1992 95
365 446 25
116 318 100
1946 78 66
333 1327 34
1633 1113 99
621 1868 75
484 1503 91
64 443 62
1785 663 3
2641 3294 65
2084 2272 50
1032 1980 65
2210 3951 41
2370 2570 45
2029 2046 13
318 742 25
2631 3583 80
2509 2538 18
1129 1966 70
1924 533 45
3020 3086 16
3468 3859 80
3257 3134 94
2814 2887 58
3010 2372 93
2584 2784 24
2124 2504 68
3227 2860 15
3822 3241 98
777 1325 27
304 1144 66
2401 2499 63
3056 3596 97
2712 3799 15
1241 798 42
2163 3136 27
836 91 10
1963 1427 26
2960 2316 53
3546 3583 80
678 1150 10
1787 1595 56
1967 204 18
2543 2551 84
1458 112 0
1842 309 18
2019 2123 48
1758 811 38
1830 247 99
2103 3752 81
3465 3510 58
3463 3295 69
697 282 50
588 1245 37
63 1530 34
665 1646 45
28 1912 28
3539 2691 82
2842 2968 77
1410 311 7
3934 2703 85
56 541 46
2229 2424 89
2175 2248 55
2508 3105 31
2178 2607 68
1169 127 71
2057 2460 23
197 120 34
2284 2404 34
3323 2277 18
2048 3189 43
1350 336 27
1626 859 99
2240 2595 44
1539 1954 58
2770 3770 10
301 1563 44
368 1733 18
3908 2068 54
3351 3676 87
2083 2193 63
3446 3471 7
3686 2297 56
2835 3421 50
861 1169 94
208 847 19
1421 1671 27
656 1804 61
1351 758 92
783 1011 45
1825 900 27
3340 3524 90
2138 3875 78
142 1328 24
2710 3724 46
49 1753 66
163 202 25
237 320 16
438 368 47
2206 2933 35
470 1891 42
1597 1892 54
3810 2212 5
2019 2134 84
2710 2440 46
1424 699 98
2230 2970 56
718 1761 31
1469 1080 61
556 1568 58
2102 2158 35
1210 1863 83
2425 3526 60
256 602 70
3716 3954 67
177 1776 98
574 1160 90
2290 2371 34
2638 3888 83
157 599 76
2079 3827 34
1824 318 23
2276 3126 35
3500 3351 70
3950 3425 49
3525 2405 28
3866 3870 89
2754 2526 100
764 1050 87
2460 2056 2
1143 1405 56
2339 2542 55
92 124 50
2103 3326 93
3937 2428 33
3435 3812 17
3346 2281 79
3709 2404 3
96 1244 93
3711 2342 58
83 106 92
776 364 46
3777 3707 38
162 1760 81
3690 2808 44
2998 3116 70
230 1194 58
2856 3292 69
2401 2498 58
2090 2110 2
1547 1310 28
2463 2817 23
3349 3281 92
1000 1452 2
1160 622 46
1966 552 20
2051 2274 96
3020 3473 98
2961 3394 61
3784 3703 63
1280 568 14
2003 2400 90
1435 1547 5
540 1343 10
2030 2058 84
3688 2779 32
2674 2067 57
2791 2966 4
2042 2961 91
2016 2048 66
3104 3469 56
1073 233 83
707 1464 93
3013 2059 43
2748 2948 20
3206 3252 57
1311 970 100
2311 3483 83
759 584 26
1296 1512 31
955 1235 8
375 1951 46
36 168 85
3940 3347 1
1897 1119 86
105 1022 16
1341 1802 28
1301 1639 21
2312 3158 38
2581 3836 98
32 231 41
70 136 66
2555 2931 77
2220 2085 49
2261 2732 3
25 319 13
3400 2405 42
2266 3362 57
57 980 66
3082 3476 72
3689 2472 100
2655 3541 78
3766 3637 63
264 1458 20
2041 2072 28
763 291 69
130 703 89
3465 3997 35
19 396 27
2873 3019 87
1079 6 40
731 1836 58
3563 3586 7
196 271 21
2102 2168 59
574 1830 0
2302 3493 58
485 1446 25
1843 1472 32
69 404 24
477 1274 28
229 453 0
1560 96 35
2006 2030 45
3336 3490 6
2239 2791 69
749 995 24
3406 2974 36
341 1195 59
2655 3346 53
2168 3199 67
2612 2047 92
3665 3787 60
2239 2119 32
39 570 31
2495 3844 52
2500 3751 81
2507 3658 75
2650 3658 78
551 201 77
18 301 56
107 771 74
447 1075 16
30 75 76
1019 1026 61
2799 3108 20
2377 3481 52
3038 3633 14
3043 2517 18
646 1735 16
3728 3331 66
2162 2731 50
1213 1264 47
14 1103 81
2025 2040 56
3300 3479 38
237 654 63
1409 1106 14
874 509 91
348 552 6
3532 3251 82
114 229 87
13 83 69
2031 2818 68
1089 190 77
802 1018 8
90 1033 28
2236 2866 83
907 780 88
3687 3928 38
172 434 8
2902 3475 11
2575 3474 20
889 1876 0
3036 3713 15
2104 2866 41
3349 2098 11
3624 3206 74
3676 3200 99
2028 2984 71
20 31 19
3045 3254 88
3344 2172 75
2504 3310 100
927 1386 26
25 495 38
2897 3355 90
3105 2409 88
1084 1121 83
2692 3338 75
3077 2655 39
2116 3462 41
459 568 59
230 1666 77
380 397 50
2510 2868 97
2345 2535 85
201 452 4
678 1553 12
2102 2209 56
3236 3594 72
332 1166 32
1435 1006 59
238 476 74
3019 2312 88
2895 2960 83
2255 2889 60
2410 3957 70
2033 3571 52
972 1257 55
3814 3052 75
2432 2869 30
3706 2117 38
1061 849 11
1998 80 96
2145 2304 39
143 311 90
2314 2837 19
3798 3008 66
3409 3663 78
3667 2207 0
2622 3241 39
2216 3869 56
2037 2514 54
1454 535 12
171 382 80
3254 2645 54
1325 1249 48
3079 3591 33
3263 2508 30
3881 3677 0
1355 1647 0
787 149 24
2454 2506 13
999 1947 45
1107 1463 65
269 1117 26
164 1905 42
3907 2121 29
3059 2326 74
2022 3373 9
2047 2990 15
3038 3129 40
285 532 79
3477 3920 84
2102 2155 22
1320 1453 26
641 1227 25
294 1877 88
2134 3455 51
2101 2809 60
2407 2503 29
2941 3348 28
233 306 75
2303 3021 99
1461 100 4
97 43 86
1912 339 73
2472 2394 92
400 1683 72
3314 2530 56
3865 3349 97
3179 3692 75
2536 3978 94
2398 2782 38
372 1354 79
2587 2935 69
3391 3075 36
2184 2666 65
3440 2114 52
635 1139 10
3264 3385 67
1350 1433 45
2030 2283 47
3706 3736 93
1797 1828 3
265 521 97
1803 194 67
714 1148 53
1175 995 44
3351 2645 67
2008 2061 82
2430 3159 62
1953 1286 90
180 569 6
3105 3774 6
1565 1152 4
2680 2652 50
707 629 59
2932 3620 17
3049 2137 36
3364 2163 71
940 1294 86
642 1 59
1617 439 93
3830 3665 54
348 475 4
237 16 90
1246 1977 2
738 998 98
3565 3645 81
2309 2917 89
3193 3458 74
109 1890 42
2167 2178 96
2223 2651 36
2360 2725 6
2037 2104 19
1132 632 70
589 1944 42
2020 3640 17
3976 2371 87
2023 2459 90
1539 1797 80
212 887 60
3757 2660 56
3130 2065 12
1823 709 57
1512 9 64
164 353 45
2188 3410 65
496 793 72
2323 2719 37
3089 3250 38
2154 2801 34
247 996 100
1858 537 37
2657 3987 54
3363 2077 21
251 1997 60
685 1463 6
845 1069 8
2282 2824 84
2378 3937 6
1008 610 36
894 733 27
2545 2965 6
2672 2951 7
117 144 68
3550 3095 29
2581 2728 24
1133 1938 79
2539 2748 21
379 1497 86
170 1835 2
2005 2344 15
3412 3058 60
2664 3587 47
2938 3724 45
2702 2181 6
3465 3793 22
3545 2204 48
361 409 35
2960 3970 70
638 1499 54
906 360 90
376 452 51
1411 555 66
680 670 88
2469 3623 87
21 1306 12
3804 3956 3
3185 3648 79
2104 3102 89
3771 2194 21
2422 2520 44
2456 2518 38
2388 3631 85
1473 546 61
453 1743 57
2333 2430 97
709 1540 70
2585 2945 49
1661 1873 64
2274 2979 45
2087 3531 9
1202 1867 32
788 1942 14
232 1083 60
2803 2862 81
1236 1026 52
2125 2170 99
363 429 40
2095 2173 94
2115 2537 37
2102 2185 20
3168 2917 26
1350 447 52
956 1264 68
29 1962 69
2598 2132 9
1532 1051 31
2087 3055 50
2813 2091 12
3260 3757 93
326 154 68
902 248 54
2069 3555 4
195 1231 22
2986 3357 95
489 456 73
2177 3292 34
3120 3840 80
86 741 7
2050 2069 32
3344 3357 48
2242 3328 100
497 1722 0
3906 2408 95
660 1761 27
3088 3777 32
674 1063 42
3270 3939 47
854 229 59
1805 1810 7
257 188 14
2063 2089 16
890 1552 7
2285 3910 30
2777 2972 1
2380 2408 19
3012 2076 37
2498 3075 20
2780 2331 9
2855 2949 9
189 842 35
1669 341 14
1694 10 99
1425 1651 11
52 471 41
1730 314 11
2810 2712 56
544 1032 56
1636 1916 49
1511 1881 57
59 284 78
1017 1683 64
2993 3837 25
1108 897 75
2411 2005 55
3696 2485 62
182 208 90
741 932 30
2375 2471 14
2608 3231 70
26 30 66
2301 3202 61
3559 3172 98
1514 964 64
2212 3509 10
3715 2980 77
2617 2018 12
2467 3154 51
107 91 27
2534 2041 62
1984 371 61
1478 1672 42
2000 2001 1000000000
56 754 12
2199 2689 8
1861 736 97
2538 2430 60
3881 2120 38
2027 2190 66
26 1685 20
918 619 17
3332 2432 96
214 712 99
234 628 47
3446 2684 5
1021 431 36
2645 2102 58
3588 2797 31
1215 1089 90
575 1562 50
1881 1823 48
2014 2034 62
153 1611 5
120 486 47
2731 2262 62
774 182 80
1761 400 3
970 1475 75
1374 281 84
513 1632 82
342 787 87
1200 492 5
2832 2299 87
145 233 82
2104 2198 92
3933 3445 62
2149 3360 69
2147 2264 41
2746 3466 13
3988 3258 11
1708 1013 46
1292 1615 13
579 1382 18
926 1955 79
2643 3674 14
2043 3175 45
2259 3271 96
3232 3555 10
2483 3142 29
2519 2925 22
3655 3728 71
2087 2260 72
1633 1476 37
204 1277 63
194 1179 36
985 128 7
38 562 14
1700 1822 73
247 360 94
1442 1965 4
3252 3966 1
56 1689 8
1567 1059 12
2924 2427 50
3565 2721 56
1857 1397 61
3399 2092 42
3439 2080 68
45 1759 14
3630 3349 23
436 387 88
3836 2495 92
2040 3467 19
976 298 30
1049 1746 96
2052 2121 37
2757 3343 33
2394 2151 84
2908 3831 29
1465 1217 47
1369 1167 67
2656 3766 81
2183 2725 38
3232 3274 51
147 629 44
1567 1854 4
2617 3896 17
3092 3883 31
3141 3406 39
2839 2140 10
832 453 34
743 1225 99
1337 1533 6
2411 2276 0
12 60 60
743 865 46
3639 3568 69
1702 446 4
1968 1754 81
912 1866 27
1152 1201 12
2781 3762 78
1841 1420 73
1003 1525 88
2079 2123 24
2119 3503 87
2084 3526 5
2641 2778 93
191 796 31
914 595 15
2362 2503 25
2163 3297 64
3065 3092 70
190 1546 72
790 828 37
1124 699 83
2190 3560 43
3646 2469 3
648 1544 82
749 223 53
3057 2654 98
979 142 41
2047 2116 51
504 1885 28
2717 3811 52
2377 3609 17
440 870 13
3262 3839 28
1689 1084 39
90 649 32
2311 2358 54
3352 3931 46
2044 2654 25
2171 2983 58
3638 2444 51
1655 708 57
2157 2607 81
1488 875 44
2121 2049 72
2998 2290 99
3212 2597 14
3790 3167 56
3052 3273 3
23 59 20
2498 2044 44
958 1506 53
2021 2041 30
3701 2425 97
3865 2709 97
1970 198 89
1043 1699 98
2454 3096 20
168 1751 34
2072 3561 2
258 628 46
421 505 75
115 1367 98
3020 2282 5
876 616 82
2478 2130 27
1467 1507 52
353 1625 36
2671 3702 1
3068 2628 95
599 846 38
1391 1034 13
3438 2292 17
2001 2006 40
3038 3085 78
3752 3020 63
2796 2891 76
1516 1296 58
1611 1838 95
1175 1389 21
2718 2519 13
2103 2674 48
3126 3553 51
2985 3933 46
2280 2350 96
632 679 79
2132 2846 37
189 709 97
1283 758 51
3175 3614 88
3279 3622 66
1295 158 65
518 1103 60
2462 2814 34
1349 520 18
529 1647 21
2361 2403 63
317 768 94
3207 3637 8
372 681 46
2998 2794 17
2733 3111 83
399 352 58
692 697 5
2006 2101 3
2141 3012 62
2381 3475 90
1142 1978 70
2657 3777 6
3773 2460 46
2506 3472 6
615 715 92
1806 1921 65
854 1585 81
56 1607 86
3646 4000 38
3687 2869 45
50 248 18
181 325 99
176 1454 10
2084 3466 62
461 1915 39
3198 2657 18
2871 2825 7
394 1787 94
216 1967 71
1863 1636 63
2873 3038 22
1714 1536 80
2018 2413 87
319 345 3
3836 3953 77
3723 2472 92
1537 396 14
3825 3022 84
2009 3538 47
1592 472 48
3273 2848 38
287 324 0
2251 3809 100
659 980 98
1301 1605 39
3520 2171 5
2397 2580 57
188 483 29
347 1184 9
199 1195 84
231 1209 71
411 1840 33
1206 1570 1
689 1443 55
2794 2856 49
2382 2791 28
3576 2323 47
3521 3304 2
3407 3821 41
2234 3577 14
3453 3579 26
1362 659 63
671 58 45
1471 1661 49
3857 2123 71
2123 2150 67
182 984 33
2688 3110 36
49 101 72
3071 2733 63
1965 422 85
2937 3206 83
1546 310 10
267 1794 59
228 499 25
2303 2711 23
2440 2655 57
1075 1134 9
3551 3778 59
2010 2012 52
1493 1630 44
2137 2649 4
310 1407 30
219 289 80
228 1480 4
2881 3496 80
3105 2688 18
3127 3374 92
3579 2588 30
38 512 87
1480 814 90
13 76 52
3857 2936 51
705 1082 65
1030 1853 70
2084 2259 12
2097 2679 81
961 382 15
2402 3172 69
3049 2006 37
671 462 25
1147 1225 48
2090 2153 12
3342 2213 82
2664 3571 95
2927 3558 67
533 1307 94
2132 2442 37
348 439 34
28 103 68
94 156 2
58 400 13
1390 1523 17
2103 3334 45
3889 3835 80
2070 2102 53
489 380 0
4 181 37
340 1427 95
2880 2221 37
3962 3311 79
1864 334 13
2294 2420 77
722 1204 60
1530 1717 92
45 134 60
3671 2606 2
2023 2114 63
2845 2604 94
2629 3078 30
3699 2804 62
694 87 12
384 229 50
1167 1352 71
3066 3698 57
2684 3673 19
155 37 41
1091 1158 12
3560 2315 87
152 410 85
3644 2456 60
1206 1731 46
3967 3953 90
1096 45 22
766 1368 64
1646 1544 79
463 1016 83
762 1588 45
2228 2551 88
3398 3621 59
356 556 91
1993 318 2
3302 3888 17
2405 2509 27
2501 3708 83
1744 1738 65
1344 598 21
2219 2164 19
2264 3217 39
1391 1606 51
586 439 51
1150 144 17
3500 2045 16
2669 2739 84
2377 2975 48
463 560 66
2920 3715 78
2887 2957 27
3372 2724 23
2718 2973 78
3777 3957 88
1036 1666 56
978 1815 57
1523 542 11
3846 3546 50
260 135 55
2912 3720 68
1367 1384 73
962 1419 50
110 1941 76
2173 3049 14
1733 909 17
2134 2309 94
504 648 69
379 138 26
459 880 90
3382 2643 12
20 983 73
156 975 51
2523 3264 17
2602 2859 35
2598 2875 1
426 1068 1
1835 1940 85
2438 2802 45
1001 1003 27
667 233 43
3902 3679 54
3233 2496 70
157 416 80
3581 2432 31
1969 1531 76
1287 66 62
3428 2972 69
2099 2151 20
31 409 28
285 1177 2
2520 3577 69
80 1870 40
1099 519 20
3972 3734 96
1474 324 44
2190 3701 40
322 1949 3
2009 2025 45
2032 3287 89
2762 3898 50
284 407 70
3814 3834 71
59 302 17
1444 500 32
2619 3552 45
2800 3653 23
2718 3403 40
2561 2346 15
3800 3539 95
3112 2852 7
1535 846 28
497 284 11
3035 2745 81
2228 3594 66
718 1206 18
43 1001 65
2422 3979 66
1159 1437 58
860 1915 30
3357 2533 37
2307 2826 15
2821 2903 27
2774 3272 90
2549 2845 5
2149 3744 96
2623 2229 8
2019 2029 73
890 267 34
3628 3707 72
1098 1164 47
40 165 7
521 963 86
2839 2532 53
1157 1220 74
2861 2958 87
1786 1037 55
2070 2147 83
202 1060 70
3964 2346 11
3520 2139 55
3392 2281 56
520 517 63
2360 2391 84
2446 3238 8
2188 2642 52
3305 3998 31
1263 60 84
145 1410 78
3298 2696 51
2543 3155 13
2941 3031 4
3056 2814 44
2235 3382 96
3432 2971 32
1043 116 75
551 615 47
2778 3487 26
46 477 70
1850 1415 53
979 1798 13
2428 2996 68
2168 3587 47
2159 2202 74
2232 3765 62
830 800 69
1449 727 93
1933 68 11
2970 2790 6
1308 1033 57
3414 3193 14
1297 1634 29
3608 2480 10
996 1708 65
3917 3393 80
3622 2122 40
521 1382 32
1037 945 45
2002 2009 17
1891 726 17
12 868 24
1888 1190 90
3734 3108 4
552 1157 82
3978 3827 94
1389 1732 38
101 151 83
2098 2244 77
320 902 11
1763 1131 50
1623 633 78
105 915 45
316 1862 56
1414 1954 53
364 201 94
268 1237 71
868 1301 64
576 1419 31
976 847 1
40 1128 76
3657 2276 1
3230 2341 92
1247 330 10
3712 3491 5
1051 1081 0
2083 3057 32
1510 1777 91
2668 3603 43
1142 1019 86
2461 2578 47
2734 3253 0
2240 2078 59
2135 3919 70
698 1371 49
2709 3246 88
1743 1262 9
2094 3687 82
1218 314 55
2510 2207 83
3990 2936 78
2069 2085 99
2806 3508 68
2247 2819 7
3865 2739 19
1540 514 58
701 1835 10
1154 1550 47
1156 1825 40
3494 2019 14
916 1039 14
2157 2836 65
1129 1439 22
3708 2881 72
3071 2172 85
2016 2073 29
2086 2446 89
2870 3119 45
2839 2508 7
1800 1801 11
841 1297 29
2065 3979 10
428 65 39
107 119 42
16 1020 30
3952 3667 79
651 1525 23
2501 3667 29
3633 3645 74
3355 3466 20
1856 1434 92
3822 3895 79
5 118 50
1677 550 2
2227 2789 78
1523 1619 18
2084 2092 94
3614 3195 13
1438 1010 7
2697 3054 89
2995 2114 83
2533 3930 18
2243 2454 36
661 1011 67
2967 3128 64
705 1010 37
2360 3847 35
2562 2825 87
1852 1087 15
327 540 40
82 1942 63
3276 3365 76
2097 2619 40
3378 3599 26
19 1837 66
373 1435 15
2554 3516 78
3512 3560 6
2118 3424 68
2048 2325 53
3325 2528 91
2354 3423 73
2071 3756 41
1575 1849 1
3333 3189 57
133 499 91
93 1627 38
1876 1173 58
2159 2443 49
235 819 73
156 1301 6
1912 1708 42
2673 2592 82
3060 3182 26
2371 3929 73
2385 3433 79
357 1835 58
1180 1630 4
2798 3477 88
317 776 96
3024 2755 22
1500 607 50
815 1121 86
2969 3217 51
438 610 71
553 69 24
2647 2648 68
1840 1138 58
1924 28 51
1349 567 43
1077 1050 76
2561 3604 17
1979 1830 34
2352 2559 97
466 969 27
3788 3997 3
1009 724 65
1331 95 12
3978 2951 28
2817 3290 88
2040 2479 58
1366 1822 52
1968 510 33
3304 2947 78
3638 2760 86
3851 2450 8
2424 2095 36
68 702 100
3640 2199 10
3154 2670 51
1655 1932 10
1793 1020 74
451 1250 41
34 297 44
2066 2827 96
919 35 50
845 1506 70
3993 3083 51
1452 1812 71
3436 2695 32
2193 2287 23
3452 3409 54
2292 3837 26
2841 2665 25
2335 3589 81
2356 2401 24
2037 3592 100
3850 2549 97
1679 1619 99
3634 2917 7
771 553 85
1372 555 61
698 115 98
3183 2520 21
1064 1078 93
1683 651 50
1641 1578 85
384 1189 34
2538 3754 1
115 192 41
757 1270 33
1942 1923 13
867 1875 40
1911 1819 89
469 1346 84
3083 3519 84
3419 3201 84
1136 1656 66
3246 3533 72
924 1364 94
806 1312 74
3053 2659 55
278 1226 96
94 468 89
1641 1130 1
1137 1591 43
2589 3541 56
2325 2550 36
3776 3818 49
3510 3064 33
2112 2600 15
1515 205 8
2075 2373 5
2977 3695 2
978 1332 2
603 1293 85
2699 3749 65
2380 2816 62
539 1929 86
2565 2449 39
878 1886 48
497 81 43
1660 1984 79
3117 2097 78
2818 2577 23
478 634 42
2952 3811 22
3596 3853 62
1109 1313 96
3583 3992 60
2986 2473 18
2835 3307 47
762 765 96
1843 837 18
3798 2495 77
3678 3801 86
3264 2046 79
3416 3336 27
3832 3413 25
621 355 87
1824 998 34
2626 3689 56
3305 3606 55
1204 1545 19
3609 2304 28
601 1200 25
2129 3501 92
2287 2390 45
3613 3994 47
411 1171 67
1979 551 93
877 176 22
28 572 64
2975 3645 83
2793 3629 58
1032 791 44
3353 2216 17
1916 239 20
443 1364 41
2173 3599 69
585 706 5
33 609 2
3719 2375 84
3225 2286 64
292 1934 85
2716 3081 45
2535 3254 85
3601 3654 66
170 513 80
819 896 19
3985 3524 92
2422 2768 44
448 1428 38
1075 1933 17
2631 3305 66
160 1860 9
1963 490 34
302 595 97
1457 1667 22
2183 3317 89
3412 2180 32
607 1613 85
3706 3241 69
3666 3723 12
3328 2720 55
2879 2092 58
1690 618 87
215 457 56
1818 1683 24
876 310 45
3332 2486 71
2714 2276 90
3406 2803 52
2355 3542 19
2873 2316 19
1512 1267 29
1220 465 81
805 1260 91
2178 2452 1
3839 3518 21
1580 1630 13
2886 2563 69
2383 3518 30
1765 920 80
2500 3636 14
152 1709 12
1175 1397 94
149 1302 24
1512 1808 12
38 195 71
3309 3539 19
1367 627 6
2967 3113 85
2088 2619 44
2406 2697 35
2975 2109 57
2452 2771 49
1394 1408 92
3856 3409 19
1227 1585 20
354 69 35
2347 3587 78
2064 2091 74
1179 554 45
2945 2673 18
3189 3192 92
1467 11 37
2789 3166 42
459 1347 21
828 743 82
66 1914 27
2378 3464 21
2791 2899 70
3000 2062 95
1127 213 83
2348 2626 72
2248 2717 10
2432 2469 73
2202 2558 80
3765 3631 83
2245 2343 45
2236 2394 57
2355 2431 94
2643 3939 10
2934 2541 88
3621 3225 81
2066 2140 40
463 114 95
2769 2674 18
614 124 69
1174 1000 37
236 428 28
3599 3531 63
2126 3265 10
53 1689 85
2951 3607 11
1593 1441 49
2599 3296 41
1757 1050 97
1080 1744 79
1244 1026 49
2054 2140 71
2057 2608 31
1910 214 72
2350 3336 9
3595 3586 54
2515 2292 53
227 1919 93
2526 3861 96
248 709 10
949 1002 76
3178 2702 13
2616 3261 5
2809 2418 47
3439 3967 68
2062 2133 55
2143 3788 91
171 254 24
2304 3337 55
66 1073 19
37 131 73
2364 2699 7
495 373 59
252 1198 10
11 374 63
229 1511 53
2731 3781 17
991 1421 49
484 1335 56
2270 2102 76
2068 3089 20
192 1013 53
21 95 15
3709 2415 38
1790 494 47
3744 3708 29
928 309 27
2335 3049 100
2417 2725 62
3836 3090 47
2248 2528 87
3760 2576 57
3371 3377 39
3489 3837 15
51 1079 25
518 24 44
2038 2609 22
2868 2885 23
1556 1401 58
2423 3434 62
2169 2253 85
2 16 39
3628 2751 14
2018 3832 40
2104 3715 45
1364 1299 22
354 1651 91
558 871 80
2463 3482 10
1568 1569 2
592 1864 87
405 667 63
1520 1848 25
721 1901 8
1833 724 90
1432 118 54
649 444 78
3098 3369 2
339 561 38
650 1697 64
1821 1375 80
1807 768 42
176 558 94
1757 948 47
1924 1264 88
2267 2499 10
1879 1903 82
410 753 65
456 579 68
3058 2970 21
239 1283 8
454 107 10
1214 1860 46
1286 304 22
187 1062 60
1437 14 84
567 633 2
2047 2532 10
2408 2547 79
214 744 16
427 977 67
2561 3943 14
58 411 92
1737 1087 60
3598 2464 27
2579 2636 38
1411 251 65
252 1632 28
3805 2625 40
2461 2468 37
3429 3823 55
273 702 11
2147 2762 34
2761 2734 21
74 1410 13
3313 3422 30
1495 488 24
3756 3452 98
1864 1087 43
1113 349 83
1246 1672 71
620 1692 41
1088 1378 3
724 1635 14
2549 2967 56
910 949 73
1017 1047 15
2241 3039 11
2610 3650 82
2219 3529 74
1495 1953 45
2150 2759 59
278 389 88
301 373 45
496 235 37
17 1217 52
2299 2482 75
3207 3831 8
483 1455 7
3862 2305 73
1909 391 1
3557 2182 88
396 1280 66
283 329 25
673 223 24
2002 2890 36
2703 2128 50
2828 3322 94
1104 1481 52
2154 2993 35
398 738 9
258 579 77
3113 2077 40
59 536 46
2541 3783 52
3039 3853 26
2302 3570 26
655 1964 6
3558 3319 42
2086 2949 61
2740 3692 54
650 854 58
2698 2994 74
2234 2904 38
3287 2598 30
2501 2707 57
2453 3586 19
2382 3447 90
217 1675 9
907 1771 57
3109 3854 54
1227 1854 19
894 309 72
2260 2829 33
2171 2189 9
668 676 29
1056 1343 7
970 1694 25
2313 3184 17
2448 2663 52
790 1006 7
3296 3232 63
1500 1490 99
2251 3240 96
607 639 33
809 1617 51
2075 2189 92
2885 2714 68
992 1603 66
407 516 52
2296 2847 97
2393 2517 51
325 1095 13
2690 3901 53
3382 3260 5
463 510 68
1693 1581 91
2045 2071 52
3472 3973 70
1081 1673 26
2296 3115 84
873 921 95
2764 3287 72
1253 1493 79
869 580 21
1186 129 94
1036 581 10
505 438 67
980 1063 67
145 1347 91
3592 2158 38
3601 3829 19
3814 3937 81
699 584 13
1839 1876 54
2128 2299 82
242 275 4
2601 3621 67
1555 1267 79
2761 3244 49
2067 2179 39
426 1261 89
3792 3573 48
3522 2366 16
3966 3379 41
187 829 92
803 1395 29
584 1506 71
3498 2874 83
3264 2724 22
3197 3176 6
2826 2805 34
2035 2539 64
2043 2775 91
774 1931 64
3398 3548 79
1457 594 35
2768 3727 94
2469 3497 34
2210 3687 23
205 1168 52
1373 878 37
893 1793 67
3348 2979 94
2583 3914 64
3253 2684 51
1544 44 53
2005 2033 85
1528 1286 99
2942 3743 33
1068 4 14
2576 3174 77
510 1993 1
3281 3020 13
947 1880 5
1215 1815 74
2628 2659 56
1481 1941 87
94 222 17
2423 3343 26
1932 1098 24
2511 2526 12
2214 3373 16
517 1157 86
1104 1602 0
2348 2988 24
865 503 10
2879 3667 3
2295 2240 94
3727 2235 3
698 1290 79
2713 2524 31
38 429 4
1824 711 51
2370 2415 55
117 1805 76
848 1180 82
741 366 45
3252 2178 61
2540 2122 77
2647 3045 64
2629 2982 78
2185 2783 85
1253 1421 33
1887 594 37
2681 2844 11
2774 3011 43
1748 1976 5
609 1673 57
13 110 15
3673 2108 0
3282 3423 74
106 801 27
3837 2261 63
2211 2712 14
2123 2190 89
550 1528 32
38 486 24
3088 3374 95
854 1837 12
351 377 78
1529 1044 7
1470 535 84
2134 2177 92
870 1147 90
1306 1118 94
2765 2935 64
3390 2115 69
3228 2319 1
141 175 99
400 873 99
894 1417 91
5 1275 66
1173 172 84
2777 2315 96
3160 3321 76
2974 3536 41
478 636 47
1678 860 30
967 1466 66
316 1456 21
366 151 72
1083 1255 22
49 148 16
1734 411 13
2445 2877 94
332 414 38
2365 2734 30
299 1463 43
3670 3342 8
2004 3986 0
1781 577 76
2315 3199 14
546 1565 42
2418 2895 94
313 1886 4
2825 2109 76
2153 3029 33
3288 2154 79
1246 975 13
2826 2799 66
2445 3666 94
3089 2601 67
2572 3288 54
3672 3460 85
1314 500 43
1903 1411 91
1933 713 45
192 1591 62
2785 3176 54
1192 1654 55
1909 1118 77
3652 3083 33
1762 1084 59
2826 2976 15
419 481 6
52 1787 57
3767 3234 16
3863 3806 77
863 1580 84
1433 1177 41
1722 1235 13
422 1701 22
2219 2573 96
25 28 43
230 394 54
3081 3990 6
1172 1170 32
3944 2441 38
2825 2815 87
1852 667 78
1333 1680 9
994 1514 57
841 924 7
3217 3535 27
2130 3109 58
3746 2777 8
3158 3135 64
3255 2200 46
1832 1963 96
1341 1691 4
715 789 75
338 1169 100
3447 2289 41
2580 2035 1
2567 2595 87
955 145 21
430 71 58
3203 3575 40
492 1052 65
191 1074 98
250 1142 0
283 961 40
671 1118 76
1442 1367 8
3858 3208 2
1093 1878 2
31 167 3
3379 2363 52
1390 1397 60
2062 3201 50
47 71 55
1258 1180 18
2803 2853 34
3450 2130 33
67 1599 44
859 169 27
1383 1742 11
3925 3069 46
2634 3778 12
3466 3643 55
1712 1380 85
2078 2760 97
975 1397 61
2274 2564 52
799 1974 89
2926 2929 93
295 509 100
3983 2957 79
771 291 12
2337 2348 87
1518 1925 38
1144 1859 69
1248 1436 100
23 27 95
1134 1599 11
3567 3814 41
2953 3491 96
167 1525 79
1838 1132 41
1444 92 91
1090 584 35
1842 1578 66
346 403 38
1981 1795 82
943 368 46
3723 3926 70
1055 1414 53
1878 1946 42
737 1911 63
3424 3907 77
2578 3487 41
272 1096 96
2692 2695 1
2900 3919 84
3065 2004 8
614 1900 28
2923 2428 87
73 424 41
2230 2558 54
3272 2937 98
1948 1953 81
925 1088 43
1149 1528 84
598 43 80
549 1085 86
206 388 36
2045 2546 53
1062 375 45
3909 2124 8
3575 2520 93
2217 2337 47
1967 318 0
2842 2359 64
3237 3189 25
1113 1727 25
2251 3874 80
2443 2588 53
1114 216 82
2842 2576 8
2207 2635 98
310 1429 42
1274 672 50
3704 2101 20
1796 1361 31
2971 3428 86
2848 3383 76
2011 2500 5
448 1622 79
2177 3237 55
2880 2746 90
536 223 89
2174 3073 78
1249 1543 18
3091 2499 73
2706 2323 13
1582 1410 46
2893 3611 16
697 1211 69
3597 2480 85
709 315 22
16 288 75
960 1939 23
2478 3315 90
1342 447 42
2903 3451 65
1488 1961 2
166 727 46
2554 2925 39
3209 2464 25
909 1305 31
2242 2906 61
681 919 84
670 685 54
2946 3302 37
3621 3232 12
1119 342 33
54 1856 47
2804 2835 20
737 1596 68
1462 1121 19
2159 2743 39
517 528 4
70 503 39
3976 3879 33
1588 1696 26
1263 964 97
3270 2570 86
780 88 45
1778 892 73
559 309 36
2705 3219 35
2033 2261 72
1014 599 55
2261 2772 45
824 1058 40
2129 2858 37
249 693 18
1411 1162 78
3411 3157 75
2416 2001 71
921 1046 72
1394 582 64
842 771 35
3709 3681 10
1824 1920 3
2587 2044 39
209 1381 2
2356 3283 15
2656 3950 26
605 100 48
274 1644 46
2305 2611 18
1401 1171 31
1595 1422 6
1961 1551 40
638 1696 49
543 1593 88
3468 2955 100
3177 3130 72
337 315 35
2243 2439 18
788 1277 8
3362 2376 85
1710 584 35
1247 1959 86
3829 2537 0
2770 2569 79
3057 3448 6
3736 3578 90
3594 3069 44
2622 2878 32
3154 2493 64
941 951 46
1556 343 11
2168 3025 54
2212 2327 19
7 285 66
886 1155 30
37 901 49
2708 2925 65
534 717 59
2383 2368 3
2857 2407 5
473 1612 99
2746 3458 12
2505 2764 33
1144 1944 4
2528 3326 70
2387 2805 84
2023 3253 16
1929 890 11
1558 1791 67
381 993 47
1148 645 69
1749 966 94
3178 2427 49
855 1595 7
2620 2835 70
3606 2273 66
2621 3957 81
3750 3765 16
2484 2900 99
3397 2119 13
367 621 56
3392 3115 66
1253 1895 47
1350 1984 87
454 544 88
3441 2746 31
3307 2849 67
2307 2881 60
103 1233 31
233 257 82
3810 2445 81
3688 2247 7
631 641 48
2249 2493 70
359 1268 28
2234 3811 44
2975 2529 4
824 275 1
897 707 35
1827 1513 55
2127 2339 18
2034 3256 96
2610 3169 84
2937 2218 58
159 174 54
485 464 99
159 497 76
3987 3989 55
187 506 99
3761 2275 45
1838 282 43
1758 1016 0
770 201 18
3998 2818 75
3310 3782 71
3377 3750 54
680 1194 67
2058 2313 78
730 942 23
2406 2063 90
2239 2394 82
2170 3751 36
1651 1473 58
3795 2282 17
3106 2687 4
2056 2197 74
1253 924 16
1685 1898 17
1702 875 64
3425 3529 4
898 59 17
1247 137 26
1818 1281 55
1697 906 43
860 1619 1
1535 1519 62
429 1373 23
659 1951 25
221 711 74
2497 2791 41
3796 2237 36
1019 521 100
401 1447 58
786 1341 52
2172 3914 82
962 1261 83
2183 2188 96
1099 1078 38
2314 3845 39
723 877 47
876 518 91
1046 1316 30
3079 2875 88
3374 3531 13
73 712 33
3149 3501 66
1163 565 57
3066 3285 63
1750 1367 82
2037 2774 90
2805 2608 20
1456 1939 66
1220 1914 55
116 487 19
935 1285 100
3524 3469 62
3503 3993 20
926 1376 9
1036 1170 56
192 1982 90
69 111 95
3279 2474 60
2653 2330 57
2782 3517 39
156 1386 61
530 1825 87
1546 1620 8
173 407 12
459 488 58
345 1087 94
2506 2901 14
3330 2195 92
236 328 60
3955 2460 89
1271 1580 54
2844 2405 29
215 1689 57
155 838 94
1187 575 70
3 196 95
130 1552 2
3563 2828 60
2942 2802 26
808 1568 68
912 1272 86
720 52 59
3516 3887 34
1669 948 14
1101 769 35
3870 3179 15
2705 2776 28
2173 2921 67
344 1044 58
3089 2116 9
800 410 6
3054 3941 2
954 1386 92
3338 2277 93
1127 1636 93
840 1510 62
628 133 52
138 1317 49
1670 784 40
1940 1092 75
127 153 29
1097 1430 7
1728 1939 11
3160 3718 41
1222 127 47
1527 1947 58
2062 3248 91
1022 1214 78
3012 3152 96
804 661 57
2663 2981 41
2661 3865 44
2216 2415 94
648 1529 22
572 138 64
370 1151 22
2494 2969 75
2371 3371 79
820 897 68
1275 231 60
126 1818 19
3053 3561 47
2085 2135 29
2657 2836 85
2250 2351 31
3170 2234 55
89 593 19
2738 2865 95
3218 3428 78
254 1566 32
2669 2907 86
218 497 18
1537 1737 62
2016 3980 87
3705 2860 28
3192 2595 85
399 444 56
2793 3632 40
2133 3019 74
1111 137 100
2303 2338 45
3507 3938 85
2285 3245 23
581 711 11
3871 2751 15
173 1890 81
3427 3119 81
1987 1879 54
2007 2250 26
158 456 62
3751 3204 31
1138 911 1
2631 3058 78
413 1593 15
985 607 30
2518 3168 71
2120 2377 68
1824 1552 80
79 1706 52
1383 1572 7
3838 2071 11
1281 1869 11
3049 2010 63
276 243 68
2368 3079 42
2635 2794 26
6 821 72
2382 3143 93
2768 2778 94
935 693 100
1265 430 63
83 121 86
926 909 78
3255 3824 78
2029 3753 52
1185 1335 52
1363 1952 91
518 1588 71
2023 3258 67
2203 3315 90
2140 2286 8
2024 3534 99
3494 3239 7
134 351 66
739 474 7
3648 2674 69
179 1819 95
10 68 92
3933 3511 45
2273 3122 52
3924 3129 41
2901 3418 38
2116 2384 59
950 1697 23
154 566 16
82 151 19
2053 2907 33
3370 2426 4
70 172 99
60 1805 5
2249 2604 4
461 1566 20
2306 2183 71
2084 2382 72
2865 3978 18
1224 824 90
1693 707 52
1806 1866 4
834 1921 33
3436 3777 99
2262 2329 89
2793 2041 33
54 545 14
2424 3510 51
140 101 30
2250 3046 64
3859 3152 18
2435 2888 4
3186 3045 89
2960 3093 72
602 1211 32
2404 2027 11
502 1792 18
2912 3283 48
3783 2235 35
3622 3163 1
1981 14 10
402 1399 46
616 1761 28
2083 2419 83
1163 815 20
832 103 34
3955 2656 2
297 1421 74
1412 1494 15
1132 1166 11
2020 2342 53
147 1556 46
1092 1326 49
437 1993 55
2820 2675 26
505 955 67
2252 2839 43
3117 3268 93
371 1540 16
887 1304 92
1033 1667 27
1122 1416 81
1477 1285 99
605 514 50
293 512 41
2863 3557 7
462 606 79
1619 218 87
448 772 2
313 600 8
489 1632 33
2211 3349 42
3273 2908 45
227 500 38
1789 1002 76
2049 3460 56
3269 2192 76
3013 3176 97
3641 3657 42
2176 3477 43
1478 191 55
1317 15 79
2163 3183 13
2306 3855 53
3246 2342 33
3834 3186 93
2170 3270 48
1112 1446 3
989 798 8
181 958 3
1076 1522 39
374 1530 60
533 93 26
2094 2126 47
622 718 76
1223 569 37
355 854 26
2430 3482 28
2198 2807 82
2299 3440 89
1409 1303 37
2580 3037 96
1283 971 72
1245 1732 15
3735 3591 47
404 1304 50
1939 697 22
3004 3236 77
604 375 69
2244 2376 94
84 819 89
3130 3820 47
2069 2479 26
2280 2324 48
525 383 75
2602 3100 3
3374 3673 78
2159 2538 70
2447 2750 37
3751 3566 86
229 675 53
5 9 10
3936 3402 82
2948 3788 56
1746 821 93
3385 2801 50
1272 1951 11
1278 1621 4
2085 2127 16
719 1976 7
2040 2262 98
542 574 75
1665 423 84
148 1000 67
2375 3020 7
2015 2298 27
28 49 52
2167 2592 61
3601 3008 18
2387 2613 1
20 1693 25
293 92 86
3841 2882 27
1395 1907 12
3223 2435 13
216 164 92
3313 2833 84
1971 1043 20
1638 1681 63
2793 3420 34
2109 3274 38
954 1972 76
2861 3892 17
93 1676 84
1241 1402 52
369 435 9
30 1577 39
17 33 76
1026 792 5
968 1465 77
3822 3045 90
66 770 67
3652 3251 10
823 1547 65
666 738 24
2716 2850 60
3080 3962 6
10 1140 7
3911 2519 73
2415 3746 83
3122 3198 93
196 674 17
3733 3688 19
2923 3630 33
2935 2832 35
937 1790 70
42 1412 77
2553 3659 70
3707 2686 75
536 813 17
2375 2511 74
515 645 51
1957 131 64
2615 2123 19
1736 1706 54
703 109 93
2931 2566 37
3764 2510 94
1165 1342 67
3123 3370 49
1468 315 62
2623 2191 93
1914 1198 67
3636 2812 72
2339 2811 58
1113 630 54
888 1912 15
126 1368 47
41 768 28
2176 2762 54
616 938 97
1604 1894 16
95 213 48
3641 3222 41
2574 2428 80
278 1807 11
269 1089 52
3833 2528 21
808 1465 24
2027 2295 4
2538 3593 68
3112 3832 35
2630 2390 84
2045 2343 33
2179 2440 14
2030 2543 30
3361 3550 96
799 650 18
957 1100 7
2444 3932 97
2459 3755 84
2136 2111 39
2087 2096 54
2116 2336 82
281 1256 44
151 153 72
634 1017 66
997 1145 59
386 448 70
2916 2861 16
3842 2556 47
2183 3080 72
2969 3840 46
3 1140 2
3825 2152 53
196 1139 39
1621 686 22
702 901 50
3148 2620 49
2924 3866 92
781 755 56
620 1331 29
2005 3697 10
941 1948 68
2599 3561 59
2826 2143 45
1240 23 76
2913 3235 22
3826 3827 65
1122 1858 65
3470 3104 27
3265 2684 87
1793 613 5
288 1293 28
1739 462 39
3375 3857 9
3136 2947 21
3755 2507 71
3601 3752 20
1737 396 75
2919 3074 86
109 546 5
2015 3299 35
2829 3134 60
622 1988 55
2418 2773 37
3256 2484 35
2217 2802 88
1141 1389 65
1864 1824 0
638 36 72
2603 3315 20
2967 3940 84
2705 3257 7
129 138 29
3586 3712 93
2829 3500 2
2023 2054 74
1021 1788 24
1129 1424 82
2386 3984 87
2870 3592 47
1551 624 5
1986 1168 19
3415 2165 88
2274 3070 18
2311 3162 19
3488 2263 62
1109 935 64
1161 906 88
2031 2997 61
772 1927 53
135 278 44
1706 1802 97
1543 1381 3
3907 3855 32
2990 3499 43
2929 3320 72
3523 2543 3
1484 1691 61
2027 2713 85
1940 773 57
28 984 57
2393 3047 35
3381 2588 87
888 460 70
2100 2112 98
3687 2198 45
2679 3685 82
1499 726 92
196 375 6
79 259 80
524 1099 13
1462 1908 99
335 1616 79
3401 3821 20
1442 1896 57
3401 3296 71
2513 2575 44
3760 3697 47
1856 1714 41
3334 2366 8
3923 2421 47
1075 810 98
2678 2348 16
2408 2444 9
39 668 90
557 1980 29
741 319 31
2087 2412 44
2872 2098 47
314 355 10
3327 2638 93
1406 162 19
2977 3982 87
309 1256 79
2316 2569 98
2509 2119 39
2495 2516 78
2371 2421 98
1385 184 35
2583 3084 39
2026 2039 44
1156 1785 50
589 1928 69
3311 2064 98
2884 3218 31
3334 3232 98
21 1994 10
333 1048 5
2759 3725 15
541 925 72
1982 433 40
1555 93 44
3179 3519 21
3715 2338 12
3075 3674 86
1410 1025 4
859 746 15
3116 2683 85
50 1235 97
3076 2256 3
3502 2824 99
3518 2572 80
1138 1214 28
2067 3948 95
2064 2924 56
2858 3861 29
532 920 33
3669 2611 55
3863 3585 80
2992 3169 92
732 1322 45
2459 2458 95
1998 1315 16
3267 2193 21
2261 2362 81
1714 1286 85
3128 3655 27
2030 2639 63
1492 493 10
2230 3882 0
1968 694 57
2060 2161 56
3759 3798 78
2808 2074 7
2770 3456 3
833 1186 96
2233 2107 34
1962 1566 99
110 70 13
3045 3526 2
276 386 64
2018 2031 74
2368 3479 97
117 319 44
1280 1574 22
2472 2204 23
1031 637 62
2403 2812 93
3958 2188 97
523 1956 84
3900 2730 22
3206 2998 92
1520 277 86
1180 727 82
2109 3361 67
438 1300 62
1764 563 55
1401 1730 45
1460 985 77
2937 3786 40
842 811 38
2214 3250 58
1230 489 69
1832 1308 25
3257 3323 80
1458 1918 41
90 1930 49
1036 1075 5
185 492 93
1352 1675 24
320 1580 38
2483 2334 82
600 875 30
2893 2290 43
422 1077 17
3802 2669 56
2425 3216 38
2120 2526 43
199 1813 62
3660 3439 64
3446 2308 61
2402 3113 88
3053 3472 88
3576 2082 89
433 759 13
2371 2952 43
1388 1454 77
2638 3130 46
258 1612 5
659 1584 10
2446 2116 72
1427 1522 69
2605 2427 82
407 1531 9
1930 1356 67
3142 2743 35
514 294 37
388 1540 60
1796 1834 22
1718 163 66
241 830 0
2103 2438 27
2785 3444 93
3042 3201 48
2213 2293 93
3221 3367 30
907 1316 48
2758 2479 89
2244 3831 95
223 1398 69
208 220 18
2213 2409 12
1039 1816 14
510 576 5
1828 346 4
1703 1856 92
3005 3799 61
2369 2088 91
642 1336 96
2148 2726 7
3521 2452 44
3341 2231 0
1448 1858 74
2056 2291 84
3342 3803 94
167 216 58
155 505 40
891 685 32
2977 3915 36
220 1906 32
1092 1374 93
2908 3372 86
264 930 19
76 680 81
3721 2625 4
3988 2170 79
2360 2497 92
1234 1962 94
1642 1482 79
2089 2310 49
3021 3179 17
2156 2494 1
437 1036 54
2437 2883 41
1385 1507 76
3897 3745 48
3779 3973 55
1912 1405 39
2887 3568 67
785 1049 95
2429 3768 0
2021 3396 41
1 2 42
1772 1922 20
2370 3068 83
676 1442 15
3308 2001 76
2265 2692 30
3267 2779 29
2005 2043 60
2820 3855 91
2505 3833 10
2314 2820 59
2228 2725 47
3550 2767 27
881 783 20
3141 3452 72
3269 2080 26
1710 1870 96
2163 2169 6
3191 2069 17
1697 485 85
1872 535 57
1516 98 84
3569 2959 50
2732 3369 15
2001 2288 60
1463 304 49
104 604 89
2015 3890 81
3200 2646 37
3704 2410 53
1266 1545 21
2353 3047 62
413 987 44
2362 2071 40
466 659 0
1766 1536 16
296 1477 18
2037 3025 31
44 158 85
2360 3618 7
1211 697 68
87 478 60
2665 2391 84
2266 2474 9
3071 3249 46
2489 2989 75
3280 3048 47
2193 2397 3
2022 2527 64
2316 3861 58
1503 912 79
1790 943 77
2282 2497 22
755 1456 62
3560 2995 82
2211 2450 16
218 1460 63
2036 2683 75
2812 3268 10
51 246 20
2377 2825 73
3538 2886 33
1249 1813 24
266 304 38
704 278 85
1262 110 20
247 1576 67
2723 3397 62
1206 245 2
3000 3272 52
513 338 58
634 983 88
3066 3194 18
2121 2225 45
271 365 18
571 308 54
1725 1767 29
1761 809 23
706 1787 79
1140 1780 42
3787 3183 88
2683 2483 60
3503 2322 15
198 1294 66
1754 801 35
43 99 44
158 418 50
1469 907 100
966 962 1
1483 1021 50
2261 2763 16
2710 3521 16
3128 3131 81
3938 3088 20
1829 299 72
1214 445 99
2243 2414 100
3267 3043 57
257 817 24
125 36 82
266 348 55
2016 2109 34
2581 3442 44
444 286 65
3173 2110 10
3113 3569 49
2709 3398 16
635 215 84
483 843 16
2702 3672 27
3747 3433 96
794 249 11
592 1755 75
1273 1797 22
2210 3902 83
1081 1082 30
122 1562 31
2189 3950 30
4 18 65
2435 3325 97
2762 2594 88
2777 2156 57
104 1350 75
90 466 63
2481 3074 79
318 1747 59
2873 3519 56
2182 3039 2
1124 1928 71
992 1221 43
2942 3856 23
1734 2 59
2278 3971 18
972 1438 56
3065 3369 20
3571 2674 6
630 1848 66
2235 2345 86
734 470 3
3621 2213 90
2904 2224 49
2385 3289 29
2311 2714 26
1771 808 74
3282 2995 86
2880 3653 6
2579 3192 14
1189 467 58
2398 2834 65
498 1935 45
3639 3305 75
316 12 86
253 1536 65
3970 2983 6
2286 2379 5
1963 805 89
2714 3483 38
2766 3147 48
2600 2011 87
2214 3148 84
2265 3666 27
2519 2745 57
152 702 79
2073 2077 49
224 1091 65
2031 2878 31
50 90 59
98 105 61
3422 3425 50
3969 3397 22
3067 3235 29
566 1064 57
1112 1340 5
1476 1763 83
2154 3116 37
1938 1696 85
91 871 87
2373 2666 62
3110 2029 86
781 1596 75
3873 3190 94
2371 3692 38
404 1216 89
1870 611 50
3022 2726 52
3825 2892 90
909 956 58
1556 826 61
757 1216 66
3978 3710 44
1398 1784 52
2892 2643 76
3137 3498 28
580 933 5
80 94 37
1832 1603 66
2146 2522 25
1498 1779 1
2085 3546 80
2414 2696 40
478 1839 17
161 1028 33
2464 2843 38
3839 2921 21
2409 3667 42
1173 1770 56
3740 3630 69
1180 1092 86
599 807 98
2950 3140 57
2905 2470 55
2779 2978 43
730 313 82
3742 3582 92
2730 2785 3
2584 3860 1
3854 3912 91
2080 2088 60
2913 2550 85
3424 3519 72
2254 3230 26
1347 1824 26
2100 2715 69
2633 3435 56
772 998 1
2784 3797 33
3013 2069 58
2688 3129 46
317 904 100
2291 3957 0
2320 3838 99
3196 2778 70
574 1192 20
3339 2878 55
1957 1775 49
798 628 93
80 332 88
2284 3132 57
103 493 94
3282 3026 32
2712 2622 60
412 1802 66
3714 3940 27
2163 2376 15
2068 2576 96
113 1220 31
3202 3562 78
3477 3546 30
2321 3419 92
2747 3558 56
3259 2599 68
1246 550 3
11 489 89
2015 2735 45
438 326 84
3136 3999 31
3978 3037 98
37 548 95
143 272 74
2207 3164 59
2135 2301 19
2300 3358 70
836 1721 1
2017 2214 57
1969 368 85
2746 3525 59
3072 3303 11
718 1730 83
2017 2182 49
1445 1205 65
2689 3956 78
2702 2682 49
2815 2444 14
168 263 89
2814 3047 3
2756 3855 62
121 965 99
2547 3026 65
1791 1831 38
858 95 78
3873 2390 64
879 1146 98
2421 3038 87
1771 290 12
3505 2943 18
125 803 41
1921 627 85
2721 2074 46
3880 3527 19
3330 3560 79
2585 2526 19
806 447 18
352 1160 77
3077 3350 29
2877 3477 38
2550 2316 46
43 112 98
2577 2851 42
2994 3764 60
12 724 84
1087 129 11
3334 3859 19
1527 1643 87
3999 2642 18
216 1449 23
5 128 89
635 997 81
1712 1689 93
886 1868 85
2878 3977 13
2607 2208 62
1494 1718 15
3591 3819 11
579 1072 6
3863 3513 42
919 1063 87
3366 3328 1
212 530 28
3107 3646 12
2636 3753 43
1804 1248 82
666 721 78
142 987 12
549 1638 74
3346 2603 100
967 746 55
1529 1723 35
3814 2168 29
3206 3678 46
2757 3934 89
765 59 34
2662 3607 71
413 511 86
2261 3076 31
2659 3603 29
2130 2235 69
2916 3473 79
2768 3578 69
2201 2744 68
360 1524 38
3464 2922 40
801 1251 45
470 276 14
2585 2631 41
907 1010 60
3713 3152 97
1614 242 79
122 314 4
3671 3662 78
274 605 51
823 594 49
2388 2296 21
3329 3804 47
1209 621 64
3662 3684 58
1722 1925 24
198 900 42
3660 2725 88
113 1332 15
693 1455 97
2079 2156 54
149 1179 64
548 167 87
3647 3699 82
758 1911 77
2196 3642 70
2398 2563 95
1268 342 80
557 1714 68
713 1453 10
179 339 32
2755 2877 46
796 1430 39
3033 3354 58
2584 3679 57
3289 2956 29
39 515 86
2726 3554 2
780 925 82
2551 3147 6
3189 2368 43
3728 3752 77
3633 3977 18
2236 2501 86
2449 2672 40
3869 3531 74
3719 3336 39
424 822 47
77 222 8
340 531 49
769 176 29
250 1090 21
476 1261 81
675 1460 15
800 203 3
3999 3387 12
1442 921 22
3702 3481 11
689 1509 27
1016 942 37
2624 2573 72
295 459 3
2053 2062 95
2755 3853 25
1310 1607 40
3080 3293 38
2755 3211 3
2286 2850 72
3371 3045 76
2412 3668 23
84 171 30
3496 2129 73
3435 2895 21
3633 2386 13
2016 3022 28
2295 3150 76
3349 2527 80
124 1370 75
932 723 62
1573 1525 38
2845 3780 88
3262 3434 4
876 1243 50
1671 13 89
2018 2047 33
2720 3092 53
168 631 24
1542 978 25
676 749 95
2359 3572 0
3725 3345 88
713 1485 56
917 1268 86
1274 1355 75
939 571 57
3473 3117 25
3044 2642 95
2238 2451 30
90 1354 39
2512 2267 21
2613 3991 11
1945 1204 30
2048 2425 34
2505 3133 71
1451 1483 44
2328 3213 44
2313 3124 80
56 1149 91
507 682 80
2067 2781 94
462 1705 42
813 1954 19
3104 3118 13
2404 3923 60
3321 3294 68
2339 2629 5
593 1817 89
3668 3552 82
682 1357 19
2198 2926 92
3206 3304 83
168 442 9
3347 3986 37
547 1249 68
2727 3984 7
3867 2220 69
1667 1758 43
2260 2954 70
3657 3747 35
3079 3995 49
2167 2469 74
760 418 46
438 1740 57
2639 3267 57
1616 1428 70
399 43 25
979 1237 8
1171 642 6
130 1512 10
2937 2751 19
620 1272 15
2031 2042 92
3164 3783 15
1938 1774 61
3308 2245 28
2240 2409 7
81 427 18
1664 890 13
1675 1387 43
1234 190 84
2530 3876 25
1006 265 12
2109 2117 5
27 489 4
3548 3611 0
2823 3791 69
434 748 1
1219 1055 19
2234 3170 9
2427 2525 53
313 748 89
3037 2877 39
562 23 76
3847 2845 91
163 286 87
2143 3875 58
895 1005 73
2720 3000 23
1539 1503 37
848 514 32
1375 1804 2
3041 2868 51
2650 3056 47
63 79 86
2009 2060 96
1868 113 40
2121 3057 1
2069 3122 73
949 880 47
2828 3898 14
2122 3167 50
2516 2238 73
2278 3756 26
1162 1565 4
770 775 81
2477 2417 22
2594 3104 51
2626 3574 51
2445 2096 67
3558 2391 31
346 1539 59
2018 3121 19
2820 3186 53
2165 2926 81
2522 3254 60
2117 3539 36
3058 3421 54
471 448 42
500 1783 74
1023 1024 5
2818 3327 94
2289 2511 49
259 584 5
336 931 12
2229 3052 30
2030 2059 0
513 234 76
419 1084 27
1615 1528 14
1039 1113 2
1294 708 72
1589 1141 6
279 433 27
631 634 76
2033 2481 80
154 632 95
2126 2434 9
3253 3537 73
2396 3780 98
1569 310 8
1550 564 54
287 840 58
1190 705 49
2225 3163 1
872 1704 1
3675 3779 26
2413 3757 44
289 1129 65
97 1950 42
829 1105 54
2010 2574 74
2980 2772 63
1851 1113 53
3172 3806 31
32 85 47
2585 3735 9
2635 2415 43
3511 3842 2
436 1102 46
23 1025 61
1110 1224 100
2516 3798 99
2321 3009 70
641 1317 7
3018 3704 9
831 840 49
3566 3495 15
302 387 34
2127 3825 13
1368 1326 75
3623 3192 93
2344 3574 49
2039 2084 49
3561 3985 81
2639 3649 88
1726 855 14
3126 2442 38
1484 1217 80
2088 2207 57
3626 3198 87
2545 2526 86
961 1233 11
229 966 91
3302 2262 56
2406 2149 100
1072 1315 98
702 1254 91
1113 1472 51
2041 2987 96
1720 20 21
2001 3490 56
779 1099 81
3054 3900 1
2045 3439 70
2978 2717 18
1287 1290 67
1888 1292 2
1389 1851 36
3761 3177 50
1027 921 70
1366 1777 40
1090 159 18
1807 1722 6
2286 2406 10
351 1574 32
2019 2594 79
2270 3866 20
1092 746 55
567 544 46
1052 1288 48
13 1296 72
2340 3754 43
2288 2780 25
2105 2848 87
2228 3121 90
2273 2289 8
3135 3778 18
865 658 77
1197 690 86
1543 1454 34
3949 3013 66
790 918 87
2058 2279 59
1574 1589 26
3405 2476 48
1314 1355 2
1000 1298 60
1100 645 23
2827 3090 52
2531 3601 62
3619 2416 31
809 1723 90
2248 3063 59
336 1555 19
467 1733 68
984 1022 54
3552 3653 25
1675 1181 94
3512 3307 2
2569 3980 15
818 1409 68
1486 430 44
3461 3644 1
1618 1865 53
444 202 19
2788 2849 41
1255 1489 68
3 44 11
2103 2296 61
3326 3328 96
2138 2226 40
429 1052 16
2694 2067 55
3979 3057 93
2921 3139 26
33 160 18
1440 1335 16
2425 2477 51
1015 1799 3
3038 2177 6
1821 374 20
1029 250 43
564 1050 63
441 922 28
2421 3608 11
2149 3002 48
1183 841 29
1328 1951 41
312 1900 47
3640 2066 30
639 1870 67
2037 2667 80
1618 1628 32
1188 1477 12
1572 1940 48
3476 2697 65
3180 2370 36
3525 2775 57
1267 86 19
3635 3702 20
2676 3391 70
3533 3316 28
2788 2297 75
612 903 90
3014 3905 31
3016 3286 96
115 415 37
1513 1940 67
79 338 18
1261 987 44
3385 2699 98
1127 1104 11
671 199 3
2964 3882 78
2747 3156 14
2405 2540 56
1600 1500 28
2466 2376 7
343 358 98
3011 3049 90
945 333 97
1914 42 91
3978 3550 31
225 575 17
324 217 52
1087 126 20
128 282 57
357 366 44
1146 1176 18
1087 771 2
1119 1847 70
2532 2243 30
2454 2976 82
274 665 34
2810 2164 74
3006 3037 60
1637 303 75
720 1013 28
1 3 32
677 1968 17
3239 2854 37
2099 2118 30
92 327 65
283 895 62
756 1658 93
3065 2347 66
2219 2315 48
70 946 53
3955 3653 95
2825 2312 72
3146 2905 19
2949 3376 96
487 1292 99
10 78 11
3762 3609 42
3517 2843 66
2658 3399 60
2518 2588 58
2777 3057 47
374 124 65
1129 1314 86
2497 2912 25
1200 1982 23
1811 276 86
1025 162 79
38 12 6
66 982 81
596 1238 37
3420 2331 27
3509 3162 11
2096 3878 28
1040 1460 82
1408 252 38
2757 3450 34
3225 2188 80
132 470 12
3151 3461 83
3881 2318 0
20 24 38
407 321 47
2772 3841 90
2501 3886 98
1979 1398 55
1516 1103 83
534 610 15
3570 3484 22
136 1185 53
1323 24 37
1497 177 71
584 717 46
3869 3005 23
3712 2454 3
2262 2095 24
558 640 68
2371 3729 73
3401 3989 32
1029 1967 60
326 1245 34
318 192 27
3632 3530 81
1317 522 66
2605 3444 56
861 1871 52
1003 33 44
1186 1770 56
837 1156 52
36 348 29
2466 3878 1
1054 400 2
1966 567 16
1151 1139 88
2751 3840 13
218 891 92
211 998 89
2644 3881 26
3934 2061 72
2521 3907 47
2853 3276 44
343 410 82
2458 2115 60
2105 2137 12
3300 2018 10
3767 3678 38
2466 3515 60
1184 1308 22
2122 3431 60
275 994 62
2455 3732 88
3064 2055 92
66 1298 0
54 102 91
408 1850 71
1886 860 50
42 299 3
1407 506 79
3128 3306 43
539 1871 13
282 391 95
389 1259 88
2418 2669 82
765 1949 4
2177 2347 74
1206 1403 4
2334 2713 12
3033 3711 64
2494 3381 33
2155 2414 87
2363 2377 28
2320 2998 29
860 1467 58
1638 631 90
375 861 81
3458 3082 9
2624 3735 88
1127 1237 91
3788 3011 0
1129 1395 39
2053 2145 81
476 1349 70
690 708 95
183 1760 12
2239 2124 0
1612 1642 15
665 254 44
3130 3260 26
2794 3395 48
3228 3505 92
1745 807 20
2124 3258 4
2024 2223 97
3158 3333 42
2181 2276 86
2433 2823 48
2510 3792 64
802 961 18
361 1282 76
203 1584 36
2243 3931 62
440 1616 9
3671 3296 50
768 1686 70
2771 3903 16
3471 2415 56
437 1721 17
1318 269 97
3859 3455 56
55 1891 73
150 1766 66
223 1600 23
3838 3531 23
829 1937 8
2533 2982 2
3323 2203 99
110 959 95
1521 1951 61
2283 3993 4
1763 1243 63
197 1096 15
175 583 55
1924 632 99
1407 435 42
2924 3336 65
3472 3728 81
773 895 40
890 763 86
3878 3185 47
2203 2740 2
2951 3609 90
2005 2617 38
94 268 54
3085 3218 83
2735 2683 48
2256 3452 5
2624 3411 8
2237 2323 66
3567 3919 12
1152 1909 9
572 889 15
376 992 20
44 244 30
696 1577 73
2061 2070 19
2005 2374 62
46 211 34
2633 3814 41
2590 3233 89
2399 2699 72
3511 2798 7
421 1705 47
51 522 10
550 1142 9
3700 2066 21
2932 2827 96
878 1390 28
1170 1505 53
87 89 24
679 1490 78
300 461 16
654 757 65
881 1846 79
2502 3472 12
203 1303 28
587 869 53
83 1064 60
3752 3307 3
396 1375 21
2419 3329 56
132 1686 14
963 1046 51
731 887 13
1657 191 78
2445 2757 11
30 1894 41
2403 3089 18
289 33 84
1525 891 33
239 146 38
2657 3564 95
1089 628 48
2542 2724 51
3706 3469 56
1027 1991 53
2323 3274 97
1130 1533 40
129 1376 28
177 420 76
3108 3588 64
180 691 80
2100 3738 28
3104 3365 70
3918 3050 24
2681 2710 5
1074 502 35
2024 3046 33
1743 703 64
2351 3228 67
2870 2789 93
3127 2716 9
2014 2231 80
3519 2409 41
2007 2241 59
3662 2905 32
1978 1501 77
12 23 27
1900 256 51
2007 2242 66
2376 3624 76
2528 3023 45
2994 3279 35
3659 2754 11
1244 1864 96
92 639 40
338 154 23
3302 3654 19
3413 3206 14
3446 3222 22
2336 3418 13
1313 1441 13
2966 3002 95
72 399 53
1602 623 65
941 1276 71
3540 3714 87
831 363 73
891 1232 20
2086 2103 89
3168 2113 87
2617 3340 35
346 1173 32
150 1430 98
2855 2764 64
678 791 86
111 1386 66
2268 2653 17
2682 3893 25
32 1016 72
3635 2619 78
857 482 98
2046 3096 97
3653 3642 34
1650 881 65
977 1452 7
1887 1793 22
2972 2189 89
2207 3579 35
191 104 44
2628 3289 77
2269 2411 9
1452 1292 35
2046 2050 7
448 388 99
188 1626 28
2660 3674 41
1233 247 10
1742 356 63
222 341 66
23 40 56
2321 2770 25
1223 1212 21
496 864 43
3035 2828 78
2334 2021 35
1806 287 22
1836 1922 57
3799 3071 73
14 179 91
3482 3775 89
2955 3813 4
495 550 58
575 1882 42
156 582 79
4000 2545 74
463 439 56
311 59 24
2105 2219 29
321 534 95
1435 350 22
2334 2426 32
2982 3839 43
302 201 85
314 686 45
587 1965 22
332 1394 64
3038 3821 39
2027 2741 63
936 1780 99
214 1672 72
2511 3013 35
2360 2580 87
466 1641 13
949 1714 27
575 1517 46
3779 2613 75
643 790 27
276 1024 47
3643 3998 11
1281 198 34
1670 1212 88
470 1836 74
2691 2885 88
2588 2846 28
2464 2631 71
3303 2779 91
2073 3653 56
741 1387 43
3840 3042 5
539 917 57
1133 417 97
206 266 57
181 230 75
1255 85 43
1433 79 96
181 839 69
3735 2476 19
209 1907 68
1440 1250 96
948 892 80
1465 387 20
1024 1596 54
805 557 97
401 85 95
1825 309 46
735 286 4
3381 2044 44
3217 3565 23
925 1736 15
2021 2200 5
3109 2302 44
1734 1744 57
1127 1436 79
1394 1862 21
1155 779 88
621 1227 33
738 365 1
228 390 89
70 133 100
830 878 59
3899 3239 69
406 926 79
2322 2352 97
41 283 67
2606 2094 61
3136 3576 60
1193 1221 70
807 1477 26
2217 3839 9
2565 3481 37
850 1425 4
3462 3166 52
2189 3167 2
2131 3404 12
13 19 32
3728 3845 15
2811 3612 20
43 82 44
3554 3589 16
2277 2323 83
2930 2318 17
3683 3329 77
2236 2908 86
2890 2806 89
2339 2960 29
927 1721 59
3316 2208 78
169 1270 15
2207 2959 17
923 405 8
2856 3328 85
3567 3638 74
3466 3553 89
2236 3013 89
1991 1370 89
2500 3154 92
3113 3845 2
1152 1238 41
3117 2876 68
172 491 96
3209 2922 21
301 362 40
3583 3669 40
1423 1667 17
710 865 35
334 1859 45
1474 1617 91
1431 1171 74
208 1235 9
2631 3294 38
266 290 3
168 675 27
2024 2396 17
1072 1671 14
58 108 38
1212 1635 80
1115 866 35
1573 1980 98
3361 3205 42
1425 1510 82
2931 3868 8
878 1532 72
2105 2132 58
2806 2232 10
2365 2779 99
393 1322 57
3292 2516 52
3966 3741 96
242 821 0
666 992 16
155 381 59
212 513 60
3131 3452 80
3562 2613 67
2356 2473 43
572 980 98
2160 3849 88
1448 35 80
2322 2055 34
1834 818 80
1526 1073 2
97 501 53
2615 3823 28
1144 1671 65
1062 647 59
646 1617 35
127 281 47
2074 2215 76
2781 3220 36
3450 2946 87
3664 3193 100
1 10 87
3087 2152 16
70 1335 65
1723 679 76
105 248 35
2555 2914 86
3924 3330 36
3625 3637 54
3447 3806 52
550 425 47
1884 1990 64
535 1494 65
3151 2410 43
2224 3403 87
3030 3964 95
1450 944 5
2183 2714 2
406 1018 40
558 1256 90
835 847 97
81 1861 28
3821 2707 7
1695 574 34
392 874 17
3749 3049 21
3364 2740 23
3849 2592 33
2148 2163 75
478 891 2
522 1740 10
833 848 26
3019 3399 92
2467 3549 80
1608 1062 92
3436 2800 1
2989 2603 83
3206 3523 56
2541 2326 47
2549 2905 47
969 1367 52
1218 106 98
2189 3441 30
2621 3430 63
3741 3895 97
2200 3983 73
3439 3768 81
302 471 96
548 288 82
2668 2251 64
2346 3836 74
302 1200 35
1341 1523 2
3768 2275 56
3399 3563 62
3704 2565 67
3974 2235 67
1635 338 55
1091 178 77
2515 3142 37
524 691 37
2255 2023 33
2388 2529 39
3188 3379 5
2236 2870 83
2266 2601 88
1755 1416 94
2976 3923 99
3857 3846 61
2134 3375 36
122 31 62
485 783 50
2071 2714 25
606 1173 69
1058 1259 91
1937 922 46
934 1480 51
2701 2254 58
747 1686 40
2420 3841 59
2168 2897 51
3789 3892 76
820 907 72
1858 943 45
420 775 16
1715 26 5
527 511 58
163 417 85
1964 1084 22
1733 1018 41
1926 524 35
232 1387 16
2588 3169 79
632 786 62
2313 3125 58
1019 1684 28
2746 3987 38
61 224 4
2822 2972 81
3317 2642 78
2145 2267 0
497 1456 7
1904 1079 24
2057 2095 97
1785 1048 32
604 867 54
2091 2321 94
1100 1469 59
1254 1823 60
3633 2282 53
3297 3581 53
464 879 67
830 1819 68
2251 2375 26
3833 2998 53
2573 2382 35
3469 3696 46
2979 3547 35
2108 2953 97
2966 3639 90
1630 587 63
2179 2789 53
2676 3078 30
3888 3150 32
2465 3505 32
1264 1408 63
687 1631 58
484 1720 17
463 1736 80
2060 2944 76
3533 2214 27
826 420 14
97 1767 62
2349 2104 51
48 725 24
3817 2646 61
3658 3103 6
1544 1230 78
1262 14 29
998 1145 83
1300 950 94
3937 2944 43
2554 3402 93
458 1251 51
824 692 8
2031 2082 93
2002 2028 73
3395 3604 45
3382 2332 69
3166 3261 92
3824 2445 54
639 549 71
900 779 24
170 656 36
1393 1649 89
3596 3512 0
15 1393 53
820 72 36
145 120 14
766 1035 40
839 1214 31
2922 2046 86
1772 1551 18
1107 1445 7
2496 2190 21
2606 3995 69
2954 3917 72
3055 3904 68
1993 309 78
2045 2453 78
1825 1856 83
2158 2437 74
3331 3681 62
2785 2563 40
1564 1908 15
453 1267 83
635 41 62
2804 3656 16
1480 103 100
122 769 66
2041 3641 31
3690 3540 10
50 1163 54
2322 2378 70
1025 1603 28
3001 2468 16
666 1789 12
3242 3095 48
4 204 6
2693 2804 77
3140 2695 72
2864 3476 86
1082 165 99
1087 650 54
1757 487 77
3166 3197 58
455 107 63
1601 1180 12
2975 3763 24
2028 2099 77
3692 2945 61
2321 2445 58
3218 2973 69
2404 2048 78
1792 1304 41
426 1185 62
1003 1730 70
2000 1440 79
357 1667 5
1012 1097 80
668 1496 36
894 1452 50
2275 3460 68
317 1703 65
1280 647 67
555 1968 21
2900 3623 13
573 964 18
3418 3074 88
2867 3620 0
3770 2782 58
1169 1702 86
1594 268 17
86 1339 17
112 618 94
2817 3048 32
3444 2412 89
426 1521 29
498 1120 19
584 787 4
110 626 59
3287 2422 85
3821 3925 59
2968 3679 54
3508 3351 4
1829 52 36
2865 2575 50
33 580 33
1800 1327 17
2419 2713 42
85 523 98
2297 2496 99
2076 2952 0
282 1538 93
2355 2521 48
3255 2750 9
3489 3610 88
2907 2255 91
3711 3342 77
3635 3387 5
1260 1551 61
2380 2507 70
488 591 50
3535 3947 14
2090 3504 41
1115 1783 16
163 234 23
1911 176 38
2935 2720 85
1172 1836 46
496 524 99
2204 2127 59
2998 3808 87
2001 3298 0
1226 215 41
1826 1875 83
762 1523 16
2939 2005 21
52 63 4
2313 2831 40
3079 2925 0
125 652 46
2106 2546 33
2211 3287 13
1039 825 86
2031 3442 94
3040 2933 61
1995 1279 87
74 1242 7
1871 1482 54
692 1753 28
2317 2323 89
2597 3638 1
1209 433 63
771 149 5
1738 1617 52
2228 3490 83
33 1519 8
1655 192 2
605 1084 50
3267 2249 12
3106 2327 64
2703 2724 73
1235 1423 44
27 282 15
1525 1541 24
3383 3440 75
2224 3627 36
3252 2009 72
2619 2852 46
1021 343 18
1986 601 45
1222 818 1
602 930 97
1726 1461 1
137 507 66
119 1298 35
2053 2886 21
3227 2426 88
3944 3640 93
818 307 28
920 959 2
1140 1052 24
2170 2300 83
1617 1841 24
2248 2534 1
2270 2679 0
634 191 98
651 1465 80
398 1231 73
509 1066 55
111 1961 21
1479 1677 33
733 758 45
2690 3911 50
1369 1695 33
648 1481 88
273 467 36
936 289 9
3587 3251 34
247 39 74
742 677 4
3453 3111 67
483 1774 55
149 104 1
3047 3777 54
176 586 45
3172 3703 70
72 339 74
314 382 93
3340 2134 2
1781 666 17
80 126 8
905 1700 42
737 1014 1
621 1891 15
3725 2186 93
2858 3913 60
2718 2946 99
2167 3704 44
2400 3910 58
2895 2921 89
2149 2473 93
3052 2974 8
2916 3281 60
165 1843 38
595 852 5
2539 3032 70
952 9 10
3057 3489 37
3134 3417 57
2236 2772 8
917 947 52
810 1280 16
801 1766 64
822 792 2
314 1994 61
2880 2772 67
1901 1635 20
2589 2615 4
2530 2412 97
1154 677 23
228 1308 36
2725 2591 11
2330 2585 78
783 1363 34
1709 91 36
2489 2501 21
3302 3324 72
1963 1412 33
2373 2523 21
1624 742 58
119 1196 40
7 14 86
75 139 50
567 942 49
457 1036 53
1626 1732 63
522 737 19
1692 1199 22
3096 3388 36
2055 3854 77
2070 2362 32
2922 3222 67
2025 2038 88
3048 3510 55
2046 3088 97
448 804 17
3337 3560 6
16 504 30
2829 3066 99
285 1937 81
2458 2035 95
417 1497 68
2032 2078 11
188 1534 78
3520 3424 19
3439 2675 74
678 1023 17
1105 1466 73
3838 2496 87
2668 3640 29
835 1621 95
152 378 39
1707 922 89
3897 3189 49
3346 3632 94
2136 2265 88
3218 3344 9
3963 2690 24
2920 3436 44
857 1999 53
2367 2901 18
1343 1424 65
2439 3634 5
1772 1081 96
586 1763 8
2133 3843 8
2526 2763 18
1763 153 29
3669 3974 38
1376 1714 37
843 1586 88
2123 2602 21
2759 3398 64
3457 3309 68
3561 3930 82
790 708 31
2364 2975 5
16 940 36
2767 3234 57
469 674 14
3129 2464 57
513 1792 88
1314 1300 47
2364 3567 55
219 550 71
1957 1813 9
2093 3015 85
2075 2690 59
3549 3101 59
369 450 64
303 1532 10
2128 2340 38
154 422 86
2076 2991 54
647 1039 58
206 1966 6
1431 924 93
3805 3726 62
2055 2964 85
1868 7 37
176 236 37
2644 3784 90
2546 3715 24
643 1317 43
367 633 78
766 666 78
104 460 36
1904 885 38
1553 1898 46
2937 3707 42
3076 3998 65
1448 1778 52
561 1203 1
36 88 43
266 1466 62
1370 633 100
313 1363 30
2220 2318 15
2926 2449 16
2098 2846 67
26 916 76
3275 2398 16
698 744 52
1082 1208 69
1041 1817 59
2365 2927 98
2916 3014 63
3335 3367 57
2953 3312 66
721 723 15
2458 3950 36
814 1232 59
3680 3653 12
2018 2036 49
2091 3062 49
2143 3892 88
445 84 59
1953 605 28
125 835 90
1852 944 29
2853 3360 40
2311 2524 95
3086 2245 74
1269 400 26
258 485 27
263 823 51
634 1031 61
540 1682 10
2440 2821 68
366 598 98
2149 2531 8
1076 992 53
1951 89 33
346 1078 95
92 145 66
1841 1733 18
1504 1193 14
2669 3081 63
2157 2903 98
1662 1481 23
1115 1197 91
2076 3343 10
3723 3332 91
523 1092 32
2435 3908 91
41 1288 85
1020 133 67
139 219 57
2668 2104 8
187 610 82
2423 3533 11
2745 3996 88
2041 2055 58
2386 2543 55
3470 2806 90
1834 1534 81
3726 2570 97
2536 2845 71
3661 2878 22
2941 2769 90
2007 2146 71
805 831 52
1120 1381 3
2092 2144 58
210 980 51
122 203 28
442 784 32
1204 1713 48
2274 2636 77
3135 3294 7
345 421 48
115 293 7
3471 3643 85
83 147 66
499 1744 41
2437 3194 89
1410 929 10
2130 3916 75
2632 2310 38
166 1902 98
2943 2684 52
1337 586 37
2703 3136 52
1468 893 71
1900 1502 96
2976 3035 75
1877 1516 37
1396 1200 14
2817 3693 43
2287 2292 41
975 1772 57
609 53 46
383 623 55
3284 3891 83
932 1200 64
2198 2369 33
2537 2982 66
2883 3267 63
1798 156 68
3454 3867 98
1402 580 12
148 66 22
601 734 12
2059 2075 99
1739 1455 67
1614 459 81
3153 3188 59
1032 1238 17
2564 3253 34
2717 3355 96
169 1471 50
2433 2545 43
601 647 78
2590 3968 65
931 1924 18
2641 3757 37
2367 2634 78
2117 3256 84
2191 2783 40
393 1965 20
2467 3960 95
2224 2876 48
3826 3519 1
3240 2869 5
3077 3432 48
2822 3645 100
3941 3277 36
968 1182 88
3474 3113 76
1097 1633 31
2031 2067 82
1379 776 42
2032 2176 16
2602 3557 2
1167 1740 30
3911 2104 70
612 149 7
2181 3687 32
1703 749 80
3857 3691 84
1353 486 57
3230 2188 97
652 1348 80
1873 630 80
2184 3530 5
481 642 31
2238 3609 76
196 103 25
2213 2463 83
721 65 12
510 1281 28
1480 1295 60
3297 3193 19
2666 3826 18
2921 3108 51
2016 2814 51
291 922 65
2184 2558 18
1833 1098 14
2047 2800 63
2602 2956 56
720 1229 39
763 1198 8
137 688 94
2513 3879 67
251 555 99
3284 3882 49
533 876 58
1323 991 45
3151 3622 77
172 999 67
1700 369 4
1637 1864 46
472 883 49
1020 511 60
2078 2254 68
344 657 53
440 1379 69
181 820 61
2263 3075 13
3229 2638 6
2672 2470 36
2733 3538 54
3634 3198 36
3524 2420 3
1308 1013 73
2109 3013 46
90 1643 42
3836 2551 58
1014 896 15
25 932 71
3169 3767 46
3759 3510 96
184 425 48
669 540 56
2874 3834 32
1871 649 17
2257 2435 57
1512 568 37
2022 3143 52
1291 1563 57
1416 1786 7
2500 2818 93
3391 2847 10
889 1348 23
3755 3384 26
1757 533 25
1340 927 69
803 216 55
5 1077 62
640 217 79
1961 1424 52
440 1952 30
414 1229 46
1145 1898 22
3161 2636 51
166 1212 73
940 1438 8
145 323 89
3163 2834 75
3401 3627 32
1178 1709 11
1031 79 90
2310 2548 42
2572 2210 85
2294 2605 98
1633 1684 62
2165 2463 42
3080 2012 52
2950 2183 59
2017 3480 57
2276 2407 14
3731 3929 21
650 851 81
2015 2665 12
1665 680 65
2328 2395 42
775 607 76
94 1178 48
861 1045 88
3513 2416 44
45 245 25
3231 3449 24
327 19 75
3683 2874 30
86 984 74
2733 3229 97
2642 2263 81
3928 3907 8
1560 581 77
3731 3439 21
2317 2113 38
326 972 22
3525 2172 55
2138 2646 58
839 1502 73
730 819 80
422 1478 56
1902 520 72
972 1648 20
1622 556 21
2770 2969 43
3097 2062 72
3733 3790 8
929 1751 17
3910 3950 69
3745 3005 51
2691 3520 13
1422 236 79
1496 1929 31
1920 1677 5
2320 2738 88
1252 171 54
2478 3801 80
1178 1498 42
2004 2011 57
3334 2714 3
2215 3222 43
1479 1251 79
224 469 95
2017 2480 96
3890 3193 54
187 1469 72
3805 3309 77
2065 2123 94
3903 3080 91
146 252 35
879 1656 2
1433 182 6
2583 3244 62
2144 2699 50
3836 3409 12
903 1365 6
3830 2304 53
2896 3267 3
2655 3090 23
3248 3972 84
2049 3594 23
2873 2921 2
768 1361 17
2533 2297 4
912 1587 51
979 1992 66
51 646 35
973 601 45
919 934 48
856 563 23
3045 3062 44
1213 117 85
2038 2057 23
143 1181 57
303 850 17
2654 2687 24
886 1009 83
596 1999 48
3023 3236 38
2658 3058 66
2274 3247 15
1103 1492 48
2679 3219 1
3044 2895 35
9 496 53
2229 2822 50
2086 2887 47
2197 2851 6
121 1190 85
724 886 91
2081 2106 92
2287 2331 51
262 1163 13
1165 1304 49
1655 944 18
1816 1248 52
2046 3807 58
1898 1685 43
2641 3247 45
2206 2040 30
2318 3793 38
3898 2543 25
68 67 35
2327 2472 77
33 941 2
2030 3763 89
786 57 97
1054 838 5
2562 3499 38
2846 3794 41
2008 2242 93
2123 2887 88
3106 3203 43
3180 3509 96
2475 2776 72
1209 144 72
2688 2709 88
450 80 21
855 1024 78
341 89 68
2320 2571 76
387 1718 19
1279 1628 61
3085 3271 16
785 1152 86
1542 336 20
451 484 14
3435 2844 99
757 1672 96
730 779 1
2033 2553 54
2183 2577 64
8 11 85
2402 2508 71
198 1698 9
3074 2831 57
378 454 91
2906 2726 51
563 1838 77
1138 1655 76
3198 3833 27
5 1290 53
2930 2488 49
1762 706 29
440 857 26
3560 2438 64
832 1695 25
3275 2609 18
786 1501 50
2310 2196 32
676 1712 77
662 962 34
2463 2675 19
3238 3468 46
3993 3210 38
1490 1922 32
86 1664 7
724 1428 4
286 1299 16
1533 1801 51
692 1218 84
2061 2615 42
1481 1901 89
829 1804 26
2237 3520 18
3479 2947 12
2619 2846 89
1370 1428 87
3486 3498 74
2655 3536 57
3195 3745 4
2266 2515 76
1652 704 2
3864 2131 4
567 741 85
1154 608 31
2293 2928 51
3367 2887 21
3685 2153 12
2197 3453 80
1310 843 82
881 1747 72
1156 1351 60
2206 2654 75
3343 2163 67
1862 1190 80
952 1685 88
2426 3283 30
1775 547 72
3574 3615 47
720 1930 16
2044 2523 54
2004 2723 8
3515 3643 97
2312 2644 74
810 128 16
3635 2598 58
3601 3699 86
1840 788 8
3843 2726 40
3585 2872 72
3468 3791 52
424 1381 16
1956 1576 51
1685 1183 66
3772 3688 25
2189 2354 38
820 294 82
195 842 38
2614 3227 30
2786 2223 78
440 1462 79
1896 1155 72
478 885 5
2647 3945 27
2 8 70
3191 2544 81
2362 3160 94
102 241 59
2343 2712 58
1247 1752 46
3966 2139 12
2105 3069 81
3498 3400 61
71 1205 92
1661 335 51
3095 2349 99
2214 3632 80
2648 2454 80
2504 2401 81
3620 2622 63
1206 188 32
2804 3475 69
1772 161 34
684 1518 14
1455 1897 20
3358 2413 3
1470 280 6
1080 1270 36
100 1291 13
2511 3436 86
1941 1532 42
2051 3564 18
2201 3017 16
337 1190 68
3724 3038 14
2037 2483 96
3057 3376 39
755 115 64
3089 3337 87
1813 652 51
1164 1502 36
3201 2236 50
3655 2604 19
2992 2276 22
2211 2725 71
1619 213 63
138 223 70
2949 3665 50
2767 3903 30
912 131 34
2313 2810 55
2750 3308 75
760 837 57
1870 407 83
178 1854 82
2798 3758 12
3052 3262 23
873 1266 75
3079 3665 66
3714 2708 61
3506 3815 72
3944 3665 1
941 1186 18
1762 763 26
373 1075 4
3632 3129 50
1 214 10
996 1174 34
217 848 2
3676 3174 83
2500 3232 87
2831 3195 97
728 1353 5
678 960 48
146 1782 30
2105 3634 58
162 1523 71
853 1923 57
819 1780 11
2302 2456 35
1436 494 17
1598 1298 63
2017 3890 15
739 969 31
3405 3253 3
3703 3906 69
1068 1773 11
2086 3386 3
2144 2787 55
2181 2205 48
1636 1421 32
2966 3324 49
2590 2962 92
2136 3007 99
2033 2053 41
2741 2863 83
2165 3354 27
303 376 53
2274 3212 79
1605 292 49
2383 2997 45
1889 1078 22
2360 2851 43
2544 2599 77
2480 3967 62
2140 2530 63
85 11 25
3235 3451 19
1129 1438 86
881 746 52
448 813 97
458 1143 22
696 1219 81
1710 341 10
43 254 93
2435 2421 77
3926 2148 5
2451 2919 79
3330 2921 94
3351 2710 2
2893 2842 79
747 1038 74
3873 3825 30
2170 2343 68
659 405 39
2145 2159 42
2039 2136 86
1143 1928 30
421 114 10
3595 3239 25
1401 981 38
435 1701 33
2047 2166 56
1807 1718 57
3621 2368 4
48 906 44
2010 3399 52
431 630 26
1730 714 48
177 640 70
1180 885 49
3463 3791 8
1520 755 23
1820 462 92
674 1564 27
2970 2591 58
693 1676 88
1959 563 23
2192 3639 49
2585 2870 6
2749 3068 51
283 745 17
3224 2543 6
3377 3658 48
2772 3742 14
1565 570 55
1385 386 18
2719 2653 44
2152 2978 18
61 1352 88
2142 2436 2
297 771 48
807 1929 100
3608 2770 68
2815 3840 8
3849 2483 99
444 715 54
2298 2791 2
913 980 29
3796 3632 46
1045 1096 96
757 1520 57
2843 3094 23
1412 1801 62
80 384 53
1025 88 64
2901 2535 72
2624 2038 4
1486 1633 39
3670 2469 17
2897 3673 86
3610 2333 15
2171 2469 33
911 209 10
3925 3234 57
1265 1687 91
1595 1469 29
457 1514 65
1726 939 54
2355 2361 50
242 208 65
1639 877 12
1818 1904 1
3354 2583 57
2385 3725 15
1119 1223 13
378 1133 64
3982 3642 14
201 1762 75
1898 1340 100
1284 1772 36
491 810 70
2737 3968 16
153 551 8
2594 2561 19
2017 2550 64
2011 2086 61
1511 189 67
794 170 85
33 1704 84
2597 2433 68
3469 2747 24
925 1125 66
514 557 8
205 692 12
2264 2614 36
3705 3046 10
776 191 94
3496 3873 61
2437 3666 81
3834 2431 68
460 547 4
2676 3660 50
923 294 30
1177 1870 8
682 1754 82
2170 2520 47
2382 2468 62
3309 2655 63
2855 3236 49
2380 2392 85
1259 607 86
3051 3893 44
1409 714 35
945 1986 52
1234 1109 79
295 707 69
3092 2130 91
2866 2836 2
920 81 37
2023 2346 24
2022 2100 70
3148 2837 29
2234 2765 48
1442 1858 95
1453 182 0
2229 2727 46
1310 1375 12
3468 3247 9
2345 3095 3
1733 240 5
2010 2610 5
2258 2924 60
1362 906 57
2361 3127 83
486 9 36
149 260 61
2163 2181 70
1569 1019 31
5 841 67
2982 3927 14
2222 2586 26
137 651 90
140 330 40
3367 3400 21
334 1910 95
423 22 10
2729 3601 57
1616 1123 44
2039 2683 72
571 761 83
2773 2473 52
2024 3589 90
1364 1922 25
2332 3775 8
3270 3634 39
2071 2400 46
1010 544 70
530 179 87
2018 2129 20
272 948 58
790 1293 10
3847 3183 5
1227 1145 27
3986 2812 25
82 1553 66
1314 86 17
1187 77 37
1498 291 72
2564 3638 25
1832 102 100
2478 2195 9
1327 1965 15
1601 1842 11
3004 2265 85
3328 3100 70
2884 2375 64
2973 2326 5
463 97 19
2465 3465 100
117 553 40
1817 1899 7
141 947 53
552 1822 21
2980 3027 36
2149 2751 82
2125 2201 3
658 714 44
2135 2383 28
1663 291 9
2344 2407 34
3370 3523 9
2093 2261 56
80 1241 81
3093 3171 44
3936 3844 51
3548 2466 39
573 1106 48
1790 1285 37
208 447 41
3708 3046 95
3669 2941 45
2031 2745 76
1613 1193 9
1581 1059 71
540 1093 2
2872 3080 21
2058 2278 21
1360 1264 69
2233 2733 9
1695 1646 92
857 206 81
2066 3771 82
1362 688 72
139 292 49
1269 937 35
2013 2588 16
3962 3897 90
725 1658 88
649 348 38
3094 2273 33
2742 3585 38
3344 2250 9
4 592 30
329 1273 54
939 1262 70
221 968 24
1522 1137 72
368 1734 59
1076 539 17
534 1970 65
2035 2138 81
912 449 14
3464 2552 71
757 625 33
2335 2766 14
225 1101 96
87 169 35
1931 604 97
2176 3427 4
49 881 21
2464 2127 42
2322 3032 18
1843 378 23
1391 1032 49
2287 2892 53
1262 643 74
3126 3251 78
2497 2821 36
2075 3137 8
144 1616 97
1001 1827 25
3557 2919 19
3458 3717 63
3553 3274 93
2166 2701 9
1506 1249 34
604 862 38
2973 3884 73
1754 273 58
2644 2658 95
3030 3958 43
1438 239 51
1431 1413 50
3121 3149 42
2821 2921 91
1641 783 23
2555 2679 47
2247 3601 20
3551 3383 48
2943 2499 79
3466 2509 92
1705 708 70
3442 3046 8
2275 3314 53
2169 2903 89
2340 3145 70
2935 3621 9
707 1360 51
1612 262 31
1570 1074 84
1430 317 27
2569 3124 14
2358 2154 78
2043 3189 89
2453 3804 42
1016 1955 44
2498 3443 65
239 1125 84
3615 2779 94
1285 1445 91
603 1643 18
2252 2240 4
2065 2295 78
1860 1943 1
2192 2823 86
74 1742 33
3206 3957 88
3689 3932 36
49 359 8
664 820 9
2070 2167 60
1663 939 72
2508 3414 33
2166 3997 89
1135 1554 31
481 1655 73
1979 1371 95
309 846 77
302 185 22
3827 2030 52
3404 3537 14
2164 3454 56
435 951 53
1967 944 33
524 1662 5
930 682 17
1317 1769 88
3534 3201 24
465 793 21
3112 3853 85
3959 3343 12
2967 2689 65
3519 3889 61
3220 2704 48
1448 1208 57
294 1137 57
2488 2600 73
28 161 66
680 1149 84
3671 2939 88
1786 1105 19
1511 1028 46
1847 1983 99
1011 423 50
2947 3256 97
692 1612 70
2223 2329 77
2542 2401 55
2978 3599 77
854 756 35
2626 2670 89
452 998 86
2561 3324 48
2391 2259 21
2127 2211 11
2055 3530 18
1120 1195 7
3475 2596 28
952 1841 74
829 1846 77
45 62 60
1126 950 2
3519 3400 62
1895 1010 45
375 939 51
2651 3698 16
604 1212 35
3112 2734 39
2127 2376 17
2376 2389 39
2918 3384 54
3470 2843 82
639 1983 3
1285 1780 67
2845 3420 72
338 64 100
47 686 58
1481 572 67
7 419 18
2391 2738 19
3729 2168 47
2001 2004 34
2487 2475 55
1906 1241 36
2255 2916 63
1245 1931 46
109 1583 48
2009 2447 16
592 598 93
2174 2429 66
603 1725 9
3949 2788 100
25 1203 74
1703 1311 17
1518 1036 23
2493 3342 80
310 1121 25
1753 635 26
3202 3588 45
1842 145 64
965 1899 10
2545 2985 60
111 277 33
281 1671 79
10 64 47
3465 3664 84
1967 900 9
506 1740 22
2099 2955 12
1500 734 42
2185 3862 41
1772 218 43
1617 1147 37
1675 1946 60
2956 3158 69
500 1635 33
1851 550 58
528 673 61
1730 1542 88
2204 2915 24
54 1263 41
169 1589 42
2598 2992 97
2120 2470 62
3978 2136 61
2906 3455 34
1686 1295 57
2483 3861 87
1332 1472 36
48 542 67
1621 1956 20
106 146 5
2690 3245 1
1590 1684 36
280 1537 71
16 189 72
3623 2355 42
10 228 19
3361 3877 76
2807 3162 30
18 967 56
1214 1265 89
19 914 0
116 280 75
3590 3288 96
3416 3549 13
2527 3641 16
3793 3331 69
1799 1494 41
86 1837 87
3509 2862 40
3467 2923 58
237 620 29
2916 3048 31
1306 194 24
2706 3065 8
2747 3906 86
3495 3441 4
355 611 70
1834 1420 0
387 1315 0
1316 1236 50
231 1696 77
924 1258 24
3360 3751 79
356 1336 80
2213 3015 74
3736 3213 22
3825 2140 44
818 1838 17
807 327 42
3056 3922 67
2507 2785 72
256 1839 98
367 910 52
3086 3374 88
1842 1879 20
603 750 65
17 116 35
3383 2642 83
1053 555 43
2241 2274 20
1561 1021 27
1271 663 18
1808 1297 50
840 371 20
3683 2115 1
1164 986 38
2306 3879 37
3547 3256 50
412 473 33
1460 1734 66
1206 1693 28
467 602 65
3994 2290 85
370 617 86
2592 2890 29
394 1 26
2309 3691 85
1024 1411 11
1743 575 1
55 1829 7
1399 1743 82
1249 157 0
576 1658 15
544 1244 39
2543 2641 73
3595 3618 54
1835 508 81
138 705 0
1841 1278 19
1021 26 6
2728 3811 46
2633 3770 35
88 1420 36
573 1420 20
2706 3796 46
1276 1957 80
3 770 2
3321 2063 1
1202 103 43
1352 540 2
2155 2502 3
3752 2842 92
2758 3131 12
2034 2119 64
2722 3340 85
1194 1692 0
114 947 17
588 532 97
1623 178 51
3859 2098 48
1553 1634 39
142 265 92
2242 2287 24
2014 2016 18
2198 2475 31
1691 1737 62
2013 3240 35
3512 2237 68
927 1913 54
1595 811 27
2328 2509 80
3266 3232 96
2149 2733 39
791 1188 27
2914 3760 12
70 861 95
1482 1520 16
602 1612 44
126 517 93
2215 2639 55
2160 3271 69
1786 1449 34
1836 703 67
3164 2127 68
2697 3776 61
3114 3944 6
3664 2307 25
985 1578 16
2550 2051 27
1151 397 8
899 1757 65
2566 2729 59
2995 2317 76
2634 3533 48
2146 3637 86
2623 2559 78
954 1052 90
3702 3982 26
42 430 13
1203 1982 4
3938 3764 52
177 1145 61
2182 3318 5
601 1791 91
3238 3864 5
2346 3618 42
168 824 45
2551 3229 19
1899 168 95
2471 2961 65
320 1513 54
97 143 90
310 1148 61
81 311 84
3627 3932 51
26 154 78
2888 3330 90
1550 245 28
3527 3453 76
3291 3375 14
3689 3943 58
429 398 52
1187 1642 84
2269 2234 75
3605 2115 56
2423 3605 25
477 1726 4
3775 2104 16
858 180 58
1711 1107 81
1608 1617 2
606 1558 98
189 1051 22
864 873 3
51 129 75
2779 3814 98
3760 2775 71
2025 2331 40
3192 3613 80
3685 3310 4
336 1832 54
3327 2720 70
820 1086 75
1763 1633 38
3138 3426 93
2676 3668 30
2734 3996 11
2070 3735 20
3131 3270 84
2683 2318 36
105 437 22
688 229 38
2182 2788 41
1079 39 14
2375 3999 31
2446 2999 43
15 1136 12
137 303 46
13 1494 16
22 56 75
2715 3935 100
3221 3410 14
3916 3289 13
1415 1055 62
98 50 75
634 1560 42
2221 2363 36
424 763 79
2859 2830 83
2286 2977 22
2070 3562 95
795 187 8
274 1877 34
1704 1361 99
601 1522 72
120 1434 54
3245 2172 66
899 362 8
2788 3871 80
3241 3047 32
2685 2983 74
3047 2843 53
3479 3502 96
2867 2943 95
2398 2478 42
3137 2503 17
373 1334 79
967 690 37
52 1663 78
1791 1193 24
3624 3875 53
1 1762 85
2053 3611 74
3021 3470 75
2194 2648 11
3335 3579 25
2450 3006 1
2185 3973 78
1991 59 2
3390 2705 63
2153 2184 22
390 889 60
82 1409 7
3612 2666 92
2809 2873 50
977 641 94
604 1348 38
3162 2950 4
3853 3221 25
1661 1499 89
1950 223 7
2627 3806 42
466 619 4
1219 1318 29
3119 2280 80
117 190 38
2101 3943 96
3685 3439 26
966 1280 40
505 866 23
2023 2624 57
1504 1676 14
1431 1309 86
2902 3001 52
39 363 45
54 65 74
1786 1838 74
1109 645 71
2810 3168 63
923 187 71
3090 3015 29
2088 2165 78
236 718 6
612 8 59
2401 3577 44
357 1181 90
3781 3721 88
1415 365 50
2697 2459 92
1126 1223 92
3444 3125 16
2358 2734 88
1422 15 45
2741 2304 82
348 530 10
875 537 2
3121 3525 26
3557 3703 3
2905 2331 19
2 217 32
1803 674 54
3672 2755 95
624 139 38
3667 3213 40
363 1507 56
2227 2321 0
1771 1445 99
363 882 75
2024 2026 92
2482 3012 47
2447 3316 47
2534 2865 34
775 1566 76
2878 3908 67
692 617 17
3064 3928 10
3324 2996 31
1126 1889 15
2125 2582 100
2654 2023 17
896 1759 90
1710 668 2
1405 1083 44
12 663 100
3930 2663 83
2775 2960 32
1482 1564 95
1313 756 4
3551 3826 21
3135 3449 28
2435 2461 2
2422 3347 4
3294 3672 59
61 1850 65
1090 510 99
451 706 22
1780 55 49
3044 2089 52
481 1108 25
2936 3854 37
2283 2356 2
174 1178 5
1121 740 31
515 1781 16
1765 277 35
2478 2160 93
1124 60 85
1070 1118 6
118 347 35
753 1260 56
3812 3902 43
149 1973 34
2870 3568 31
2857 3160 82
630 487 51
3879 2712 42
1229 1138 94
3229 3923 44
2417 3429 100
1566 530 87
1789 1163 79
1763 239 63
921 944 64
1176 899 34
3500 3472 46
1654 1171 17
2930 2011 53
15 20 100
3693 3077 79
3843 3677 95
3296 3596 91
1166 1042 58
984 1443 100
2980 2025 81
3328 3657 97
2777 3200 73
398 937 2
2990 2250 36
2218 2350 99
2970 3777 66
2268 3204 11
2617 3428 78
3897 2509 33
2702 3300 94
426 502 16
2036 2841 46
387 1494 78
1140 1748 33
594 903 12
818 430 16
983 1339 96
1556 248 27
1950 1348 32
3421 2661 39
1248 1720 26
2071 2716 72
1549 1191 42
3443 2119 78
2221 3099 9
192 326 41
880 1393 1
2524 3827 5
193 737 95
390 1030 1
3886 3457 78
1255 1173 31
55 182 27
41 185 90
2227 2429 56
3230 3396 78
271 1401 91
2002 2003 53
3716 2041 26
1225 1817 32
2963 2367 2
2817 3364 77
2946 2030 73
1287 253 83
2064 2927 51
1588 1513 98
2246 2821 71
3370 2058 18
287 749 36
2813 3392 46
2650 2908 97
3769 3294 96
2001 2174 86
2245 3520 25
44 1115 27
1422 1856 99
2830 3177 7
2327 2620 78
3023 3910 25
86 1151 41
1214 431 16
2484 2550 89
747 1162 24
2751 2327 50
780 618 100
403 1518 53
2708 3214 46
124 487 79
2547 2748 53
3811 3024 72
78 113 16
436 797 76
2238 2516 95
131 1556 28
1766 244 99
411 604 64
1439 591 53
1363 333 29
2766 3689 30
2312 2316 19
2213 3249 9
1713 1562 49
461 596 98
3233 2045 72
3524 2247 61
2465 2708 99
3253 3841 62
2015 2441 42
16 310 31
164 228 98
1614 1865 40
165 554 30
157 1962 84
377 1822 55
1003 1490 81
794 1212 71
2231 3125 73
769 1137 55
2112 2947 6
2841 2248 74
1059 609 99
313 282 80
2280 3130 39
3391 3868 9
1706 1989 73
1599 972 73
3213 3227 68
3406 3827 58
3490 2382 72
240 1601 30
2929 3647 60
1388 1369 4
873 1339 98
3845 3202 30
3819 3015 7
179 240 86
2026 2057 51
1906 731 73
436 517 4
49 162 64
1361 1738 73
94 113 78
2768 3626 2
2456 2926 100
1 73 61
76 1906 20
3693 2984 50
2616 2433 10
2937 3825 7
2172 3780 76
2303 2945 21
1159 1775 100
1912 281 11
2167 2671 52
2265 2901 14
3843 3474 35
2593 3548 5
3407 2772 31
3395 2901 23
127 1086 100
2895 2451 29
1930 465 60
1072 1602 43
3725 3910 36
2803 2015 66
925 1605 5
380 597 81
1901 1280 43
827 1739 63
2039 3915 13
298 444 26
1340 1565 96
2558 3193 96
317 676 40
1793 994 88
54 1469 46
3578 2039 58
380 923 60
1438 299 82
1812 757 18
3613 2999 1
1889 1435 58
891 1304 37
2536 2084 42
716 945 78
3147 2103 66
2763 3888 100
267 525 52
1308 1872 11
3857 3178 12
1042 1266 14
3945 3893 96
2112 2186 0
1584 76 81
2953 2815 1
2967 2124 29
3564 2291 66
3200 3860 51
3248 2207 77
2695 3578 89
2814 2185 52
3671 2430 25
2202 3140 2
1173 490 0
85 1377 3
1736 888 11
2115 2145 1
2001 2056 99
2345 3412 41
236 745 8
2043 2105 41
1268 930 3
305 308 82
2677 3624 15
3264 3658 57
2204 3485 73
3751 2982 49
1040 1706 78
3692 2087 47
2428 2975 80
3558 2895 57
1860 453 62
390 1471 76
3525 3973 27
2130 2917 30
1112 735 87
3872 3283 76
328 756 59
72 268 76
512 729 9
2110 3543 89
369 774 8
1471 594 72
3886 2922 18
1491 700 17
3134 2413 12
3154 2278 82
3831 3035 7
2338 2433 23
1524 224 54
301 348 81
2344 2992 57
1611 1768 99
695 1318 95
3006 2887 54
2035 2080 74
628 1202 13
1707 1480 42
354 1652 15
3847 3705 69
873 95 27
3759 2251 14
418 1153 81
845 1512 100
390 504 72
2954 3428 24
2437 3056 63
2512 2290 68
1116 1859 60
2860 2626 45
2692 2758 70
1050 1953 37
2974 3634 52
332 1645 89
3064 2294 80
837 593 46
2084 2094 70
199 645 7
3725 2802 81
2460 3035 66
2979 2888 55
3296 3976 89
2855 2396 56
3163 3186 50
276 1148 29
2619 3239 88
2395 2506 49
3781 2121 67
482 1107 37
500 1569 73
2206 2585 92
51 187 38
2276 2627 8
2108 2245 11
1796 296 61
3507 2855 85
1437 733 27
697 1563 84
1087 1476 5
3066 3327 69
1347 604 85
2136 2676 74
859 1767 18
2451 2476 24
231 1088 38
150 101 67
47 183 96
378 511 33
598 292 40
389 1138 88
1560 730 24
901 1029 64
1737 667 87
3695 2705 32
510 683 5
3972 3560 15
1454 1182 5
3943 3898 6
1906 1029 100
3434 3602 23
857 1779 69
3959 2879 84
232 626 83
2235 3431 57
1967 1899 100
2432 2826 26
2895 3342 69
119 201 21
683 1148 33
850 1461 76
2959 3373 30
2307 2687 52
3513 2133 25
104 141 61
194 1956 2
326 1095 13
2042 2115 27
68 1274 61
2239 2489 59
2314 3854 97
84 135 6
771 1439 57
1073 1922 30
246 456 55
661 1310 52
730 925 89
3637 3801 46
3545 2521 2
2796 3335 48
1532 1367 80
321 412 31
1249 609 42
2020 3959 79
3340 3873 31
1935 298 46
1144 1313 2
184 235 90
13 1640 72
2321 2368 34
272 1094 72
81 194 44
3117 3962 100
1066 94 80
3904 2578 100
2672 3701 95
942 1677 16
352 1723 28
905 1310 93
6 25 99
795 1574 55
1228 195 26
1735 1980 12
2484 3244 37
2847 3040 2
582 159 9
603 792 21
3535 2843 95
3113 3173 36
2546 3402 90
3543 3912 94
2217 2282 93
2119 2178 59
2257 3729 23
649 637 43
196 739 47
3089 3465 29
7 1018 3
765 952 89
692 1784 96
79 261 35
410 1950 99
598 1330 11
2524 2201 19
2484 3886 88
1687 1967 94
2002 2162 90
328 1765 37
2166 2063 95
2374 3585 87
2604 2024 98
389 959 57
395 1692 48
600 811 56
282 1069 86
1557 1231 19
334 1187 87
2634 2828 79
292 898 19
278 379 76
979 63 45
352 726 95
2304 3789 87
51 1927 21
990 1392 53
3543 3979 99
3873 3388 8
1923 173 59
520 269 34
2371 2763 62
228 721 17
230 137 8
2704 3612 93
3329 2452 32
3329 3364 75
2629 3167 14
2105 3098 14
1073 1036 65
3944 3106 19
1749 1422 94
3991 2232 58
3034 3973 11
46 39 95
2901 3120 10
776 1037 88
3922 3687 63
2083 3338 63
626 815 34
2717 3385 54
420 225 78
2152 3373 85
544 1890 10
849 762 4
457 1131 87
2082 2319 31
3792 3400 73
305 1082 59
1182 1098 59
3586 3881 42
3509 3187 90
3956 3847 80
883 933 84
2640 2007 96
2624 2577 53
124 957 31
2699 3672 55
2656 2876 80
2233 3990 99
2991 2103 7
36 141 32
1044 1548 50
2184 3134 51
3821 4000 83
2163 2524 16
900 197 69
2073 2558 54
363 664 85
307 658 41
2014 2354 99
1589 724 15
2731 2775 30
2001 3357 47
3247 2503 91
2267 2630 61
887 746 58
2213 3815 91
2016 2792 38
2686 2219 80
956 228 11
342 369 91
2001 2074 98
1172 1278 28
3192 3083 2
3040 3379 57
1230 1045 91
3028 3897 54
3589 2224 8
2735 3480 9
213 1473 89
1897 1883 6
3021 3478 84
74 769 36
1618 956 92
3126 3519 99
3525 2848 33
3077 2348 78
2857 3377 79
3606 3139 59
1786 784 45
476 970 18
1212 1902 17
2763 2199 37
2176 3378 100
41 155 65
448 1816 88
3064 3819 54
2541 2949 49
2475 2128 50
3531 2386 95
1932 1922 31
664 779 78
684 429 94
79 300 28
303 383 12
141 361 70
193 589 85
2077 2490 46
3324 2717 7
3373 2059 30
2695 2958 58
474 812 90
3671 2240 91
516 1927 20
857 1301 84
542 594 72
170 491 28
404 1605 72
17 518 17
1158 1704 76
41 61 2
1371 871 90
2625 3510 44
1548 358 57
2484 3999 44
893 1007 9
3486 3233 35
3018 3147 7
2977 3892 98
3881 2534 80
1490 1765 60
137 1013 30
1562 1579 88
859 707 71
2443 2260 85
3852 3155 45
850 1498 90
833 887 9
113 256 75
502 986 21
949 989 8
2092 2220 9
48 1689 48
1542 244 89
2399 2496 51
1443 1166 31
2078 2662 8
2103 2638 32
697 1492 4
20 596 55
1703 1625 45
3492 2857 54
135 571 88
2291 2097 55
151 1047 99
1798 815 97
2598 3011 25
447 619 29
2911 2427 9
1385 125 59
1896 76 10
509 1308 72
1724 1996 57
741 1659 23
179 796 69
1789 1193 64
3383 3635 51
555 688 91
1761 1788 51
1636 296 98
3706 2749 9
3379 3983 45
1932 890 96
1694 1909 50
1614 459 89
166 262 4
669 1243 66
1023 933 49
2388 3470 87
3110 3393 12
176 1363 47
2146 2160 77
1665 1247 40
761 990 17
3241 3071 25
3207 3863 43
1962 1600 97
2284 2918 40
211 1372 98
950 1566 11
2733 3904 66
3692 3431 53
2342 3445 15
318 1944 23
2167 2685 19
1558 1648 37
2125 3713 12
3531 2006 42
1193 1307 93
745 814 76
2047 2770 66
2115 2088 81
461 672 31
2063 2098 75
3570 3588 7
1626 210 67
938 632 69
3481 3324 13
2678 3857 10
1031 1945 92
328 1962 6
2856 3687 31
2101 3746 92
2697 2308 59
3991 2978 64
2001 2024 66
2376 2810 72
437 299 3
2030 2212 100
546 1390 24
1599 1554 16
459 1967 40
2636 2759 53
3580 2022 33
2773 3243 76
655 908 56
887 890 60
2062 2208 23
2608 3753 36
75 568 74
1791 247 46
3923 3142 15
3856 3039 16
3472 2607 18
393 1811 68
2719 3208 32
3811 2201 33
3336 3192 59
3052 2361 56
739 441 77
1229 1415 98
3601 2553 18
2279 3542 30
169 539 21
3899 3358 88
490 1608 82
235 1826 46
3802 3951 60
2447 2879 99
2147 3018 72
750 1647 23
187 1665 75
854 717 87
1514 847 32
2834 3231 66
2071 2249 48
647 1709 89
3788 2094 69
2347 3893 20
228 243 55
1160 1177 38
3647 2382 34
1400 223 52
1086 345 36
2409 3186 49
3126 3022 80
3528 3274 96
1609 1443 5
74 1487 91
1157 1545 54
749 352 38
2648 3224 5
3506 2525 11
2021 2063 4
1702 1658 5
1330 1625 4
75 408 56
3781 3002 85
2500 2730 73
3021 3271 12
2262 3884 18
448 248 62
37 1937 96
3597 3912 0
44 808 0
3829 2515 90
2632 2643 57
3649 2183 62
3695 2870 87
3449 3799 7
2051 2800 7
2735 3426 67
379 1124 37
125 1319 96
3052 3573 47
3930 3987 48
458 954 9
3064 2604 0
2050 2294 100
2624 2838 2
1798 1565 20
2643 2554 39
718 437 64
3856 2834 34
1512 637 21
2071 2356 7
2483 2911 27
2256 2470 23
3404 3179 55
597 1228 67
2712 3313 54
3479 3392 88
3861 2898 51
2118 2695 30
3782 2957 3
3704 3686 13
1129 1234 6
18 35 86
795 1475 35
1022 647 0
3815 2030 59
2143 2536 76
810 1654 37
2085 3977 60
184 1460 65
1840 79 16
926 1246 91
804 1196 6
2784 2074 87
3428 3967 82
1521 1914 88
3026 3823 69
1046 1952 2
1461 1695 18
3097 2802 9
3715 3353 89
1798 1651 32
3080 3386 48
323 909 46
1839 649 89
3028 3333 3
3171 2120 15
416 653 4
2071 2148 56
999 812 54
136 1556 8
3366 2600 86
25 487 64
282 521 47
30 488 18
270 1782 43
12 37 43
1534 463 21
1191 1548 54
2897 2631 48
2256 2465 64
3138 2292 75
1445 1532 49
1988 866 51
499 1015 51
3729 2652 90
1536 1790 54
2958 3374 79
2185 2880 65
2768 2944 86
2851 3633 10
2204 3598 68
3934 2567 26
401 203 35
1360 1695 89
120 809 37
1220 1168 49
484 1409 39
2225 2134 39
3276 2301 29
3397 2946 75
2777 3353 46
1050 610 30
3131 3007 73
3754 3054 87
1196 1177 41
1082 1989 14
1532 1429 58
2142 2317 10
2781 2798 7
1840 1605 2
1162 574 34
533 639 18
3266 2193 62
1377 1634 0
2276 2637 59
262 841 3
1492 1429 30
364 1549 53
1478 1997 28
2800 3634 86
2641 2627 24
2170 2684 37
2644 3890 24
264 349 86
742 1210 30
825 1832 62
2119 2247 41
2885 2957 67
3490 3864 86
3474 3984 29
2315 3041 11
3801 3154 12
204 1742 25
3311 2123 30
602 301 80
258 976 18
4 38 12
3392 3043 34
1286 1362 81
2112 2647 55
3059 3438 36
1023 900 75
2970 3936 14
3633 3574 11
3739 3835 85
515 1871 28
3410 2816 8
3769 3864 6
2157 2281 18
1160 662 66
2287 3984 3
167 1768 17
921 1212 67
1755 1120 61
2517 2248 75
2548 2566 68
3251 3499 10
1949 1543 87
2508 3702 92
1376 207 81
284 713 24
3068 3540 63
1242 607 98
2011 2048 100
2398 2098 44
1566 537 32
254 1564 65
2284 3955 60
3426 3597 5
915 1023 61
174 451 69
2187 3457 97
2941 2245 54
57 122 38
1921 1045 57
831 1722 90
1519 1632 8
3180 2342 29
3279 2735 2
3121 3155 11
3686 3185 8
1969 105 17
850 1343 49
862 1314 6
252 337 60
2 6 4
592 940 8
3276 3458 79
1975 1237 40
902 343 16
3526 3350 59
2631 2398 88
548 1597 61
2507 2991 23
2844 3067 69
373 1639 52
2013 3166 80
2597 2049 33
907 1725 56
3545 2106 21
2035 2693 11
2023 2528 91
325 672 99
2784 2337 93
674 1870 43
72 1915 40
228 1869 59
3772 3212 86
2842 3072 71
336 1457 80
2467 3756 60
1891 1710 83
1386 1899 11
2145 2797 4
1601 452 56
993 1596 3
3062 3833 38
1244 694 46
1164 1008 22
650 1371 49
2449 3111 66
2922 3637 81
60 944 79
427 637 71
2078 3488 2
3742 2974 74
3883 3165 45
2718 3106 50
2320 3114 72
2034 2275 39
3654 2823 21
277 863 53
2465 2806 83
361 1164 93
1164 1902 73
2678 3284 70
487 777 75
1854 497 21
3022 3209 99
2113 3430 13
3331 3970 66
2978 3632 36
388 549 42
735 1283 53
2005 2236 78
3289 2932 38
3999 2549 45
2780 3353 27
3876 3988 62
54 1184 59
2328 2554 95
3078 2476 80
2187 2840 89
1514 1151 66
456 1820 48
1410 692 20
1630 1991 100
324 694 49
3554 2196 40
1201 1247 49
2016 3544 0
50 237 39
1746 1504 63
3549 3558 100
2893 3356 80
3149 2896 76
3284 2812 4
1509 274 69
85 1710 71
1191 973 21
1118 418 98
385 1459 51
2389 3136 15
1224 1489 100
2034 3755 79
176 218 58
3108 2005 47
3084 2329 52
272 671 79
1049 751 24
411 72 19
1586 1978 48
287 587 48
2482 3115 60
154 336 0
874 1745 44
1137 1761 0
2443 2142 79
2960 3093 59
2476 2185 61
1347 1408 37
817 370 70
2188 2603 4
2094 2229 31
2173 2798 94
1035 1022 86
2500 2909 0
1086 773 52
346 492 98
2277 2822 55
403 892 77
2834 3760 4
2389 3004 48
855 1228 31
3867 2943 17
2191 3118 14
264 1041 33
3501 3913 59
1953 783 79
3514 2269 31
1128 93 48
2406 2987 81
35 583 64
2754 3377 76
2615 3588 93
2045 3476 29
2222 3329 21
3659 3740 90
3101 3182 18
343 834 3
904 1680 87
1067 1621 18
2378 3097 62
2107 3495 41
337 230 32
56 234 73
3998 3743 51
3025 3899 63
2701 3378 91
2866 3404 62
3603 3143 41
2025 2175 39
416 1266 12
2892 3327 7
3552 2790 10
2202 3513 6
3750 3426 25
3126 2256 73
3160 2741 63
760 454 69
1405 1987 40
2320 2464 67
36 1724 99
2620 2812 47
2523 2136 53
3078 3595 86
2022 2637 66
3307 3052 31
3822 3368 76
1168 1821 91
3611 2686 23
2763 2317 57
1285 858 59
619 1444 20
2191 3800 82
3043 3865 3
2001 2932 10
3569 2236 76
1488 1104 18
3191 3912 100
1072 1478 2
3592 3586 49
3945 2336 39
2978 3038 14
906 1949 2
1992 175 68
747 550 66
1237 1922 100
328 933 39
27 305 44
1948 1664 52
1805 481 90
554 470 39
884 1359 78
1659 649 72
66 806 25
81 157 90
331 1234 7
2048 2243 19
382 1225 3
60 239 75
836 208 35
1672 1158 95
1151 1960 11
2761 3645 62
2046 2901 47
1845 1344 93
1158 755 57
1475 1919 45
2014 2017 58
1885 1473 20
2499 3749 2
3412 2243 27
3519 3944 18
2477 2837 42
486 1958 20
1586 79 21
1635 371 25
2117 2314 14
1218 1451 68
3331 3486 9
21 115 52
54 1117 83
171 1187 66
2342 3392 55
2200 3566 66
684 1417 57
1092 1679 0
306 402 98
2125 2213 97
1085 1379 6
3627 3655 78
1690 956 15
331 1814 51
1484 179 47
2159 2916 49
3137 3389 95
1547 1646 13
2944 3024 97
2033 2069 5
246 1363 97
2968 3195 37
3348 3791 50
1226 558 45
3355 2503 17
37 945 61
1346 1588 21
3930 3584 28
1197 375 52
657 1303 12
615 1313 80
87 494 97
3443 3569 94
908 673 4
1763 1064 24
1155 946 67
1890 568 52
161 249 93
72 1465 8
3648 2136 60
3382 3825 22
3089 2782 82
1274 1999 16
3341 2725 45
2593 3061 29
402 1169 81
1448 648 66
2057 2079 16
391 809 26
3970 3773 97
2556 3239 49
2204 2998 11
2338 3405 0
2090 2389 98
2446 2653 66
296 1222 12
3135 3687 78
879 1111 91
383 165 90
2057 2066 88
3949 2870 76
1108 913 75
579 674 3
249 769 32
2275 2867 1
2291 2311 98
79 1610 95
2785 2373 51
1639 1447 94
764 454 70
3326 2267 55
1577 899 41
2343 2560 92
3417 2012 8
1161 1637 50
2229 2486 72
954 1109 42
402 682 89
628 1814 42
2033 2501 99
2519 2386 73
531 338 48
2856 2347 33
1773 989 4
2497 2718 59
179 411 74
3754 2879 13
2522 2340 44
2200 2306 67
786 993 0
3865 2018 98
2535 2603 43
217 916 53
2718 2149 40
1883 1618 88
244 472 33
3205 2001 33
589 918 58
1743 1890 67
2768 3654 11
1598 727 90
953 1803 69
1245 1326 5
777 1286 15
3851 2807 81
1504 1641 79
2062 2141 99
1699 105 32
2001 2002 63
3542 3669 73
2216 3399 73
2108 2819 73
2984 3862 97
370 506 82
2812 2961 43
2671 3416 87
2045 2637 8
29 166 9
3547 3553 36
3683 3425 39
82 372 84
2805 3686 24
1844 1366 86
3279 2913 34
2253 2565 98
2995 2839 54
945 1892 3
82 717 28
855 1317 28
531 720 89
2859 2894 28
1387 1949 41
2753 3598 64
1042 1033 61
83 184 61
2948 2911 61
2649 2484 9
2004 2224 74
1048 1126 83
1297 484 46
594 876 100
607 1222 29
2665 2164 4
1105 1278 36
3113 2300 83
2281 2198 7
3945 2431 65
1 42 38
1475 1045 2
2197 3660 1
2135 2256 81
945 1081 51
2454 3294 35
3902 2267 38
1610 1494 93
1100 1533 35
1416 1984 31
2500 2127 19
3249 3006 77
2274 3614 36
3113 3248 51
2021 2187 21
2467 3837 65
3151 3106 86
2076 2217 7
323 1614 16
1523 657 64
2464 2623 84
335 995 10
486 290 28
3217 3955 53
299 1603 51
3862 3930 60
1637 70 46
2311 3582 91
935 1974 97
624 827 95
454 677 50
1260 1205 70
3550 3493 51
1738 1819 5
2087 2768 16
726 1741 34
1006 1604 21
1153 1191 44
3550 2865 67
3258 3388 18
1562 393 89
1300 1515 10
2579 2132 20
2534 2803 1
314 150 42
2088 2139 78
454 1300 33
3607 3071 83
2242 2113 19
1580 1961 55
427 1158 32
1275 1578 15
1214 578 39
1603 170 95
428 1677 33
301 1910 96
424 913 42
2738 3914 60
774 928 30
3823 2733 7
347 397 32
553 1536 78
2080 2189 67
2534 2781 81
41 918 88
1904 221 24
3422 2198 25
297 1486 19
2290 2437 96
56 57 22
979 750 22
1469 146 77
246 138 51
3428 3888 16
2372 2920 59
136 1881 44
3022 3761 54
191 1619 19
283 1406 10
2324 3870 14
1668 1468 3
2421 2576 48
2880 2585 37
3062 3538 7
336 449 63
1694 1216 9
978 1593 64
2179 2835 15
2525 3650 15
2692 3860 27
2359 2689 16
69 35 70
1406 612 70
2707 2073 52
2517 2952 62
588 726 78
2651 2861 66
2016 2277 56
785 1127 40
138 1280 17
752 1379 32
1704 1968 74
773 1294 58
3090 3579 89
1692 1583 61
1427 1580 59
2247 3413 54
50 12 82
1078 1830 68
3075 3693 57
1921 1189 61
1791 1716 38
1450 1836 82
586 1326 21
3259 2789 2
488 1162 88
2802 3661 49
3840 2758 97
3432 3901 88
153 910 86
62 1266 61
2128 3703 8
3706 3916 49
2053 2205 53
2105 3759 7
2391 3842 82
3411 2563 12
39 1262 51
989 1800 1
2044 2367 66
1084 137 90
2450 3871 83
2532 2878 20
227 383 8
1078 350 84
2767 2953 66
982 1 79
437 118 58
2690 2598 72
33 1453 37
310 438 10
181 547 90
3227 2292 46
671 619 27
761 159 44
478 1002 80
2792 2549 27
1715 1973 22
1248 317 69
358 1886 3
380 1152 47
1165 1303 50
2169 2981 26
2008 2343 48
3988 2168 83
1334 667 95
1206 603 54
2436 3657 64
1296 1785 1
475 193 59
687 1558 26
3144 2925 50
2888 3825 36
1085 112 67
1227 1321 12
996 12 31
464 1792 4
1673 114 99
1972 1811 10
70 138 18
1248 1859 74
2801 2025 63
821 926 0
348 327 67
3652 3006 88
33 227 35
198 1059 0
406 1481 69
3649 2647 96
1117 1177 57
1667 656 100
1039 1470 6
2387 3608 68
1328 1749 29
3008 3298 97
1041 1063 48
2466 2885 9
1120 1283 99
315 1019 66
247 1350 52
2894 2408 74
65 251 2
2865 2520 85
2846 2963 24
1166 1355 94
589 49 57
2035 3606 68
1605 1673 93
2180 2633 4
2248 2966 35
166 291 53
3713 3557 71
3735 2821 15
181 894 57
250 335 48
1201 1217 21
2483 3088 98
3855 3760 1
2086 2194 4
3005 3394 20
897 1247 67
2351 3327 98
2444 3145 5
2832 3820 45
3203 2143 35
1676 456 35
3374 3900 91
1785 956 74
719 760 53
1663 773 89
1017 1710 45
1034 1732 42
2107 3750 35
3177 3592 44
3832 2605 39
949 1834 62
1223 1613 14
861 1741 27
2746 3671 67
3879 2611 97
2745 3270 74
257 1517 0
1072 261 64
2514 3368 29
3125 2057 100
1467 1115 28
2216 2413 7
570 19 81
3555 3679 93
3464 3350 7
812 738 73
546 398 42
1678 50 91
221 1583 32
113 385 82
980 1488 29
114 847 80
3141 3971 99
2757 3487 27
1101 1751 1
545 1613 9
731 529 80
3582 3075 86
3049 3331 43
2430 3085 64
1611 1130 98
2326 2330 11
2035 3921 7
2198 2922 26
3827 2646 85
363 1726 43
2592 2408 13
3432 3868 22
32 96 88
3491 2152 82
2259 2703 88
2384 3668 89
1572 300 67
2415 3032 88
922 174 7
84 504 23
83 1889 68
2166 2759 68
2875 3944 88
3492 3863 7
2319 2397 24
2167 3051 90
3393 3529 69
3557 2476 46
17 38 63
3221 2800 45
2031 2037 32
2917 3398 2
403 189 99
653 958 85
326 1580 24
202 1238 37
1453 521 15
1486 1003 84
2817 3674 11
2284 3010 98
3435 2777 67
2238 2273 16
2078 3133 5
432 498 75
118 833 6
1261 69 1
2603 3207 94
2036 2266 80
1771 59 57
203 344 34
3820 3882 97
59 1842 43
2540 2725 33
2139 2488 41
3447 3742 84
2758 2435 10
2155 2213 94
2216 2513 52
2216 2662 100
2977 3141 7
2184 3555 30
1352 1369 17
412 1699 36
2155 3586 18
143 614 5
3784 3144 77
2172 3367 40
1390 1178 42
596 826 49
1375 560 14
764 1245 88
2316 3251 6
1182 453 92
548 825 9
277 1358 63
3839 2074 12
1088 1026 3
2435 2686 75
2570 3597 65
3990 3686 79
684 1123 27
1525 55 89
662 831 82
2098 3347 81
577 1173 29
2129 2332 63
256 1033 50
2815 2368 75
111 880 95
293 647 43
3649 3940 37
1437 1983 29
2357 2896 48
1823 366 82
3411 2861 75
114 544 15
793 850 36
1568 891 15
433 553 94
3107 2940 33
1460 493 63
284 95 67
3698 2403 17
1540 1173 17
29 1699 23
1601 833 60
1438 672 70
2988 2999 20
352 1754 59
865 186 89
1888 422 92
2877 3726 53
2820 3366 29
2483 3558 9
851 1240 50
38 612 7
2197 2777 44
1974 1837 53
1128 1047 27
2787 3589 53
157 926 48
2812 3088 98
2682 3692 31
2405 3008 19
2143 2403 75
561 1340 29
2455 2934 40
138 177 65
3073 2224 64
70 74 21
3183 2070 90
2725 3415 86
3751 3360 14
3329 2109 54
2008 2364 11
1386 1151 100
1240 1958 7
2535 2344 16
1473 1789 87
2005 3594 71
3164 2836 75
590 1508 33
3507 3666 75
143 225 10
649 1028 86
1244 1730 15
328 977 25
1397 1045 33
3991 2084 89
3432 3082 54
1198 1504 84
1524 511 6
3478 3966 8
2567 3230 98
2611 3089 41
3698 2334 2
2351 2661 79
740 785 73
3038 2794 40
178 206 19
2703 3651 38
3122 2986 74
321 657 21
2297 2322 32
532 543 49
253 1917 28
457 1586 49
2574 2593 47
3863 2013 78
1154 1561 31
3698 3352 31
2822 2950 0
2254 2846 31
1002 1310 16
2255 2487 26
2835 3490 58
1921 772 55
465 743 49
2802 3440 48
31 482 60
893 1278 52
2537 2522 57
2347 3717 68
2012 2625 17
2973 2071 83
2118 2194 45
1225 142 42
3702 2990 29
2352 3050 1
1720 1494 37
2155 2176 42
86 1823 20
858 1926 9
2214 3737 54
1694 1901 68
1733 1544 88
2401 2808 82
915 472 67
2694 3405 9
2131 2411 31
3513 3761 18
2457 3855 90
3383 3795 81
1483 542 100
3057 3815 86
2816 2052 89
3324 2242 63
3806 2485 4
3303 3069 54
403 1401 73
2003 2005 10
2984 3104 89
2085 2902 58
938 871 23
2893 2321 87
146 1820 77
982 1677 64
372 1425 45
467 638 61
1884 504 81
2920 2263 79
268 738 40
2472 3346 38
1855 227 35
3513 3555 44
2732 3577 52
3968 2984 26
680 1319 88
2386 2440 41
217 717 2
176 1079 63
2270 2405 34
3719 3972 72
1662 1545 64
664 1611 8
1019 1837 43
1101 895 41
3244 2287 0
3589 2756 80
2305 3055 66
2064 2087 35
870 1684 68
596 1500 4
391 699 88
1996 26 56
3752 2345 23
3569 2650 72
3710 3141 20
193 317 93
935 1954 61
2093 2338 51
571 1526 5
3579 2953 53
1123 131 15
2734 3640 56
3395 2253 10
1043 333 22
2092 2263 71
2415 2883 95
38 998 29
1507 1288 89
2936 3285 63
1501 1609 2
3391 2760 73
21 535 96
2460 3319 34
3221 3350 40
3041 2619 45
2089 2780 65
92 1909 71
2041 3456 61
2409 2009 58
3898 3086 69
1072 495 56
52 299 37
1234 1214 49
2967 3989 35
69 1343 100
294 1776 95
2895 2448 12
1839 533 21
3958 2135 9
3968 3321 11
2992 3468 53
224 946 10
341 97 69
1640 260 88
1798 1974 51
3593 2912 70
1601 223 31
138 210 85
2611 2403 90
41 307 57
2642 3061 82
1181 243 23
69 1189 87
3132 3206 62
3229 3907 65
2869 3746 52
635 389 51
1844 1077 78
1196 1321 39
3893 3052 86
3638 2690 53
2194 2548 100
2050 2152 33
315 803 42
3659 2443 58
3913 2274 73
51 577 86
3193 3118 39
761 1428 74
724 1279 0
468 1264 85
3726 3712 55
2089 3543 41
1687 1522 57
2424 2441 55
1001 705 50
134 1452 37
1686 1652 6
2133 2355 65
502 450 71
600 1513 5
2936 3083 18
2952 3713 21
376 990 9
922 1054 50
739 1638 20
2008 2221 61
3480 3885 94
295 1184 32
452 888 70
2046 2458 74
455 627 19
646 167 30
21 573 86
800 1869 6
933 807 83
3218 3060 87
1631 1680 34
3123 2565 42
1059 545 67
193 1652 92
539 669 29
2224 2232 63
505 520 3
2020 3905 83
2881 2305 89
695 1287 86
1443 220 94
2321 3141 23
3680 3026 63
2304 3906 80
2280 2341 57
2216 2738 25
3515 2810 31
3986 3883 66
2868 2367 10
2461 3014 26
3960 2666 65
1888 344 42
909 1433 18
2125 3586 71
3677 2101 32
1364 1422 79
134 173 3
2823 2457 95
3827 3947 99
1315 957 22
2427 2869 5
687 1170 74
2563 2946 8
797 1202 75
2614 2041 31
381 422 42
2442 2559 98
1986 1190 99
1355 128 32
2783 3880 78
175 198 67
2385 3390 20
2772 3762 26
3472 2560 43
1835 1762 77
119 1365 2
25 544 8
1214 1620 65
1548 1603 54
3473 2313 68
3947 2898 38
3047 3936 12
706 229 5
869 892 68
88 176 100
1885 129 72
2449 2912 8
2738 3422 87
197 1679 29
3063 2209 1
797 1831 29
1317 1374 35
644 1535 56
3281 3813 30
3022 3409 43
2361 3255 99
1229 1345 58
3731 2649 58
121 1035 62
1833 1885 32
2043 3688 33
2723 3884 3
2541 3997 94
3344 3336 83
509 1999 69
2151 2427 22
551 1940 32
1314 1497 70
2209 3675 16
113 613 29
3221 2441 43
3722 3427 82
24 1702 87
1746 1866 33
2033 2916 49
3895 3322 25
1040 1106 58
1161 346 30
998 294 1
1258 1108 71
2011 2020 75
315 610 67
833 1178 48
2078 2924 17
681 603 80
2413 3400 63
340 738 43
249 532 46
2834 2723 19
2239 2977 16
954 975 28
2453 2161 47
3088 3711 69
1526 1678 23
3008 3494 81
19 1646 28
293 1810 83
2751 3377 9
3543 3739 66
1755 1726 44
2715 3915 78
2013 2858 49
2328 3590 36
2107 2688 88
3725 3235 53
1148 314 66
2994 2917 78
2521 3603 57
24 258 48
2746 3835 27
2504 3139 4
592 1018 78
3940 3780 91
1374 1889 77
20 170 50
5 15 31
1056 1041 13
1200 292 58
694 544 90
205 1195 5
1325 1007 51
3468 3474 81
2067 2388 7
593 1666 91
2233 2857 70
3072 2448 83
2477 2681 76
310 1464 15
3302 2902 87
2266 2115 28
1068 1239 15
2453 2898 67
3557 2115 13
154 623 44
2177 3911 20
2276 2072 74
1639 1904 20
555 149 87
218 1613 23
2958 3019 48
1760 932 2
2580 2842 72
548 937 42
692 317 71
2204 2765 83
364 927 42
3230 2946 53
2658 3494 47
1344 680 47
3322 3927 86
2406 2994 46
2221 3277 1
205 791 54
1481 1264 13
3317 2400 27
643 1499 1
2697 3184 84
592 28 9
1632 120 9
3961 2745 69
845 1410 54
183 85 62
3620 3649 32
2578 2011 50
2960 3404 52
2648 3274 9
3593 2640 80
982 1974 35
3679 2430 52
942 1553 20
469 603 36
2422 2101 70
1762 1997 37
2308 3283 45
167 319 19
151 152 36
1459 677 53
3062 3534 19
154 580 4
3533 2671 2
970 1346 90
3047 3706 46
1634 998 93
157 1826 27
3149 3579 30
3987 2264 27
3153 3848 93
3 7 77
2109 2130 44
2060 2738 59
2146 3980 61
1581 1586 34
2039 2230 21
2656 3241 42
3142 3449 96
3310 2063 98
3916 3642 51
1342 1577 57
158 1855 97
1801 1353 69
652 1444 40
2044 2199 21
3849 2909 42
3913 3731 15
108 1055 23
49 1757 11
2288 3042 69
2988 3666 31
194 1556 16
2056 2191 95
2157 3282 59
2593 3822 14
1012 827 42
2657 2698 1
1638 1306 47
199 1384 27
1879 1236 26
884 1607 75
2004 3605 52
1493 958 76
1119 1273 72
3078 2744 40
2805 3243 39
77 514 20
815 1344 16
2455 2966 11
2742 3808 87
68 826 6
998 1112 68
827 1938 47
627 678 70
3037 3450 44
2039 3309 27
3197 3100 100
589 950 12
244 949 0
2230 2276 62
2401 3704 68
2597 2598 65
440 588 15
642 857 60
2834 2927 54
3084 2295 13
2083 3868 76
2952 3173 5
2555 3197 56
370 457 47
568 584 54
3951 3513 12
2749 2807 94
717 1343 40
2765 3140 57
495 1005 73
80 334 86
2926 3511 29
104 398 49
2183 2704 69
2329 2642 29
3909 3961 17
3451 2107 91
1267 715 87
2033 2380 45
3407 3541 12
2265 2366 70
3795 3591 17
2746 3316 0
829 1055 31
848 1154 87
3206 2563 8
2268 2402 29
2049 3368 58
2477 2611 42
2477 3763 54
3649 3755 26
3215 2710 67
3390 2126 25
1030 1284 40
1411 1815 87
1419 13 96
2632 3483 99
1590 366 20
625 1237 40
374 1176 93
1 47 45
3181 3017 33
2813 2936 95
3719 3206 22
1712 1027 15
1862 547 61
2322 2357 99
2001 2015 91
1346 219 26
1367 794 16
2518 2235 79
3306 3663 1
3848 2607 41
3700 3220 83
3976 2237 88
759 1729 48
3354 2931 74
3421 2432 47
2938 3214 74
201 780 93
1108 1447 70
2109 2589 12
3868 2217 62
1133 1424 35
3441 3792 40
2358 3330 79
2796 3015 33
11 1719 37
435 454 57
178 1063 8
184 666 98
407 445 91
134 1403 86
1821 87 61
506 843 74
3423 2101 32
1148 1779 62
1286 1503 18
2836 3175 67
2531 2919 16
1383 323 96
1360 78 86
3068 2047 74
2783 3299 90
2058 2609 28
170 1011 35
1718 1152 28
2508 3804 10
3176 3800 82
3279 2279 81
2059 2538 83
2144 2505 90
62 429 11
1255 1508 86
2501 2590 21
861 1973 54
1718 679 11
3329 2554 92
3927 3971 42
2648 3415 41
2004 2052 79
2071 3906 83
3957 2295 83
27 70 69
3475 3704 88
3805 3744 56
2469 2736 27
789 728 12
556 196 31
1776 1399 65
72 1572 20
3449 2849 51
3769 3673 61
340 1366 27
3027 2021 19
3928 2869 41
3140 3968 95
2198 3654 100
2068 3954 22
1343 902 37
3692 3758 48
2584 2649 90
1974 331 89
613 1101 90
321 1009 46
2064 3632 27
1216 828 0
405 1044 24
1671 718 56
2739 2638 47
1693 1771 22
2289 2567 91
187 928 44
1259 1690 41
1405 1771 34
2936 3771 61
10 22 6
3874 3611 16
347 1281 15
510 559 59
1342 1751 36
220 1804 44
165 1075 63
3875 3197 37
96 1061 37
1618 2000 27
3125 2142 51
1397 576 39
3820 2805 8
578 1962 68
3235 3317 32
2771 3365 16
2128 3795 38
663 1906 9
3803 3977 90
84 388 54
98 1779 13
2360 3191 96
1370 1343 20
758 1070 11
229 424 99
78 140 8
1776 1119 62
772 1139 75
2000 1972 86
1252 49 41
15 46 81
1492 974 85
2749 3266 56
2424 3988 39
3332 3409 6
3874 3156 18
2453 2542 12
2251 2874 31
2581 3168 58
2559 2866 28
3963 2437 30
531 442 33
31 405 48
2019 2044 29
10 23 73
3761 3288 84
3212 3805 71
2266 2790 38
2229 2270 27
2688 3830 94
3231 2992 8
3396 3655 73
3191 2661 43
1457 363 48
2075 2424 11
3767 2170 33
2671 3903 5
2362 3371 15
213 39 39
1469 1972 50
2874 2893 93
1718 1938 41
2502 3067 3
2122 3150 76
2997 3101 30
1988 1043 42
1911 1187 10
2442 2705 5
2463 2583 22
834 953 41
3985 2626 58
3669 2862 78
1176 1875 17
3112 3832 33
578 1535 25
343 1635 7
2238 2656 12
471 687 5
1302 1557 96
1169 1750 5
983 572 56
2203 2423 9
1873 1585 45
1860 813 5
1201 1870 3
380 33 98
1027 295 15
2235 2031 15
3104 3765 91
2139 2305 97
3580 2833 79
2908 2616 95
1634 1567 93
150 193 14
3365 3834 83
119 1518 55
7 52 17
2035 2124 65
88 363 47
2487 3306 0
1816 1942 66
1087 1893 46
2129 2491 87
3848 3850 46
777 394 49
2220 3106 60
3039 3484 43
2447 2354 8
114 274 31
3749 3539 75
2916 2754 65
2770 3741 92
3709 3713 38
3386 2690 62
2202 2706 82
1660 204 86
1174 1884 11
2653 3272 27
723 1027 49
3947 2654 98
3691 2135 61
752 1586 85
1889 347 73
74 1062 5
1533 1367 57
2127 2204 50
743 536 76
321 989 9
2024 2152 63
3951 3308 58
2617 3161 74
346 1233 64
55 94 4
2192 3294 29
2276 3960 60
3539 3430 73
36 120 6
3691 2574 44
650 1320 71
2984 2831 51
3167 3523 61
3109 3124 10
2281 3264 42
1553 207 83
287 1633 7
2372 2759 93
381 990 62
1282 1830 19
1649 1722 33
2966 3528 96
1650 991 13
731 1085 85
5 97 71
3553 2001 36
2909 3275 43
3920 2704 40
3447 3553 24
1580 1628 51
941 1200 40
3726 2356 92
3081 3648 72
3120 2025 11
3162 3567 27
2676 2825 80
1206 1042 82
2239 2588 71
3151 3484 84
193 1395 68
32 690 59
1574 1216 90
3525 2964 82
2240 2618 84
1839 1279 52
3125 3754 34
2484 3505 72
963 530 39
637 214 15
3744 2113 64
3576 2014 85
949 120 99
3490 2877 9
719 1901 76
3771 3682 22
875 672 7
1610 237 54
655 1084 6
2064 2199 12
1106 1550 18
78 93 13
1646 1489 10
739 923 81
2531 2668 23
1340 656 1
2100 2157 44
3222 3624 86
313 119 36
2500 2650 13
3450 2660 63
2503 2899 7
2664 2536 54
2314 2545 10
23 55 9
411 922 65
3584 2902 80
3065 2721 65
2939 3481 67
32 564 94
913 1170 49
3546 2327 8
2238 2789 92
2342 2387 47
3476 2860 8
242 192 80
2810 2157 79
1147 521 14
833 930 22
997 103 100
229 340 16
2075 2108 8
2414 2703 7
2522 2035 100
1508 1593 53
1437 1887 43
1032 1738 19
1 4 74
2388 2398 48
68 104 51
658 267 9
688 789 76
2925 3155 13
2930 2801 91
2216 3096 23
3029 3901 22
30 1760 77
3384 2966 62
2852 3682 2
232 368 65
83 970 75
2527 2760 66
1343 628 92
1168 616 43
937 778 0
1559 1563 63
2059 3276 70
1442 933 38
359 393 28
344 781 27
112 1124 3
1714 1874 94
2204 2235 12
2896 3883 52
1018 723 61
1540 737 66
3203 2750 90
252 455 92
2273 3174 66
830 110 2
295 1637 56
3006 2361 83
2321 2418 57
3582 4000 20
771 829 61
1776 503 20
2882 3729 4
1307 1995 36
2074 2059 75
1424 1646 16
173 321 78
1845 1120 92
294 359 40
3493 2223 0
3586 2493 93
2801 3259 43
3768 2307 91
3674 2759 24
3180 3852 71
3256 3812 40
908 1715 87
2662 3363 49
306 367 63
805 877 89
2155 2312 90
1504 497 7
1445 304 51
187 688 65
3229 3780 28
2290 2492 16
2076 2943 68
1287 1640 48
323 1908 42
1241 1552 35
962 1012 74
2699 2124 68
1684 194 19
2073 2268 3
42 1773 94
2407 3061 21
1231 1669 67
587 679 5
1363 759 23
496 1544 99
764 914 64
384 695 39
270 1569 32
36 247 25
279 1813 64
2316 3406 44
1392 320 74
3411 3507 34
89 1679 18
2696 3151 16
3375 2485 25
3634 3551 43
3677 3873 72
1014 1009 16
1625 1158 42
467 1207 83
375 1253 50
2326 2584 31
344 819 95
1208 892 94
3506 2219 75
219 565 53
3626 2758 87
2524 2673 45
2715 3160 16
2724 3981 23
3376 2567 10
1105 1418 23
2364 2433 59
1278 406 12
2306 3946 9
196 1943 40
2108 2246 22
3260 3323 25
643 986 94
2292 3453 61
3613 2888 54
327 1089 2
633 1407 5
2177 2704 56
283 1836 31
424 1295 100
201 1634 92
2260 2572 59
1327 1247 11
1552 353 27
2851 3881 43
1952 715 80
2711 3721 17
3037 3180 45
511 1796 58
1727 836 13
2279 2517 63
2082 3715 46
1259 1018 30
3698 3625 90
2802 3086 47
204 685 76
2778 3302 46
253 1689 99
1476 677 53
89 1734 15
2511 3110 18
2758 3591 88
208 162 39
707 1764 60
206 892 71
711 1534 23
3030 3905 62
2040 2422 51
918 932 26
1324 904 24
530 202 89
2558 3103 53
2198 3002 5
3410 2082 56
2389 2073 36
2659 2184 30
2236 2430 34
2392 3634 42
2110 3884 91
707 553 80
1457 1762 65
214 538 6
1645 1155 42
368 830 18
1125 1575 44
414 466 0
2690 2981 9
3660 2288 70
403 843 61
3247 2458 6
2374 3502 80
2333 3730 65
2661 3980 4
2666 2967 43
387 186 35
2260 2652 19
2834 2899 17
1402 1135 2
1836 1470 91
178 201 1
3552 3858 64
290 714 70
688 195 34
749 916 67
176 1810 29
1352 1900 17
770 219 46
2507 3675 73
685 1723 86
3212 3271 89
579 1484 75
3047 3222 25
3314 3177 79
2530 3241 22
1403 1887 64
317 1842 32
66 1879 72
2338 3233 85
1223 1571 11
491 1239 63
566 374 11
464 1817 76
2119 2911 83
611 1400 74
1930 1206 90
301 1555 13
3489 3183 61
3433 3858 66
3670 3870 69
183 1198 41
3688 2621 5
2374 3089 68
3784 2995 4
1684 861 71
102 733 60
1506 139 91
2304 2873 39
444 1161 9
42 1579 90
2126 2379 32
2175 2442 24
217 1069 97
1187 1393 8
1748 1958 21
1427 1438 89
2081 2638 41
2530 3678 8
3333 3012 5
743 840 53
514 1492 26
3947 3292 68
2019 3784 40
101 276 4
2747 2422 63
901 1220 56
326 1735 92
2585 3614 4
1937 453 33
274 122 25
2700 2860 39
1865 1493 72
2956 3285 17
3100 3805 61
2066 3799 31
1120 864 87
2747 3314 44
3657 3120 12
1711 1562 89
2581 2490 36
36 50 46
314 1245 58
2922 3030 75
435 850 10
2558 3349 56
903 1777 79
3609 2518 7
3689 3303 56
103 716 7
2354 3671 87
804 1109 23
2634 3092 6
3247 3275 73
3578 3364 39
332 747 57
2115 3143 76
370 1390 35
1897 532 39
142 122 61
2451 2222 14
2122 2591 5
2100 3185 75
3904 2535 17
3631 3057 18
939 1868 39
2270 3392 43
2830 2422 43
2609 2651 97
3334 2076 21
1411 1456 12
1091 1038 89
795 886 69
2235 2715 86
1184 1685 59
3649 3887 78
51 36 3
316 340 54
235 1506 87
2119 2923 67
1021 1829 6
40 114 29
2573 3617 42
2984 3976 22
180 1316 19
2890 2057 58
2071 3506 75
5 54 57
2632 3637 21
156 849 96
2450 2589 88
3858 2190 40
2205 2437 6
1002 1596 7
2174 2387 44
362 788 7
2710 2542 74
1055 35 32
42 53 51
3035 3899 79
2882 2009 15
2002 2013 34
2035 2557 13
311 408 77
2760 3787 54
2832 3235 40
1691 1995 21
399 1138 50
2283 2839 80
1313 1224 67
3254 2264 44
2004 3262 76
3708 3685 44
78 92 22
595 498 8
1487 695 16
3155 3336 71
2277 2284 99
2145 3482 33
3543 2401 54
2141 3168 47
464 880 95
2893 2935 34
3924 3618 18
2385 2405 45
772 1004 66
2398 2828 35
90 205 26
1966 1485 86
2709 3447 36
972 1571 57
3146 3626 89
3267 3975 0
2925 2193 84
3777 2286 25
1132 1627 25
770 1396 75
398 1057 7
3590 2772 6
2365 2315 59
18 655 91
1768 290 70
1575 1662 44
558 735 72
3536 2395 65
1066 1569 58
3061 3900 45
377 1740 66
170 287 32
2132 2597 94
3085 2703 15
2808 3237 47
1501 1883 96
1440 1688 21
3640 2240 80
599 1664 47
2446 2064 89
1996 1758 86
607 265 63
2270 2704 40
2141 2950 40
3028 3870 37
2017 2386 21
1325 1431 68
111 654 65
553 1522 37
2533 3024 59
1606 280 17
3006 2578 81
3515 2677 18
479 1236 6
2544 3790 25
3843 2300 71
1433 5 98
1053 1127 61
2184 2251 1
2918 3876 40
230 1745 49
809 882 57
2579 2809 2
2179 2963 88
900 518 64
1580 1450 48
663 1810 55
515 778 35
1721 1045 33
80 818 41
3154 2031 52
2879 2925 60
1538 450 67
2054 2859 8
282 1242 34
857 963 48
2985 3747 93
3043 3684 20
1398 1832 30
3942 2993 33
2657 3722 54
265 1556 73
2003 2032 4
1964 21 86
1247 1188 41
1353 118 0
2686 3501 74
2580 2404 62
3038 3131 89
1597 251 100
2959 3713 68
986 814 71
3256 2313 41
990 1383 17
242 1886 51
3894 3295 82
1052 1363 65
976 1258 31
3923 2099 60
1691 481 93
360 1207 62
524 630 78
2236 3824 38
3931 2623 98
3463 2400 95
2219 3085 57
1486 1290 70
1874 1867 0
578 144 46
3467 2084 38
2732 3670 2
3097 3926 49
32 832 90
1281 964 15
701 1253 29
2574 3739 68
2441 2577 96
3061 3860 23
2556 2176 58
3287 3509 21
574 1393 47
1219 303 71
88 1600 82
274 1136 25
693 1232 60
2066 2130 19
350 1907 23
723 997 37
2011 2537 73
2279 3644 8
478 298 8
2551 3823 69
2514 3455 89
470 1509 94
2275 3328 44
2706 3472 98
1292 294 83
3205 2522 38
3237 3513 47
3333 2661 75
3125 2807 52
420 1667 22
304 667 73
1417 1042 26
35 1372 54
3392 3888 23
292 1759 57
3400 2953 87
1092 1771 24
1251 596 82
3750 3679 75
2701 2622 97
45 51 2
1792 1606 17
1553 1682 15
2436 2479 98
2764 3069 60
3098 2201 59
1261 1609 44
2077 2142 65
2808 2978 11
2850 3876 65
3022 3906 16
2393 3191 85
1938 62 72
1778 748 74
711 615 59
2001 2051 41
3499 3662 75
394 1903 79
1761 1986 36
3110 3512 4
1274 1530 38
660 1020 16
598 235 85
613 943 68
3866 2639 6
595 650 74
3373 3736 30
336 654 75
1244 516 76
1290 877 36
2350 2602 16
3348 2014 23
3073 2069 97
795 1159 81
2043 2466 32
770 2 85
3136 3551 32
3742 3859 70
367 648 43
1506 1670 66
639 1772 6
304 1700 29
2964 3177 37
2070 2656 77
546 1538 10
2413 3052 1
1020 1055 48
2138 2188 23
3177 2292 63
905 1291 57
3611 2030 97
224 473 100
3198 2788 21
